EmployeeNumber,Attrition,Department,Age,Gender,JobRole,JobSatisfaction,MonthlyIncome,WorkLifeBalance,YearsAtCompany
1,Yes,Sales,41,Female,Sales Executive,4,5993,1,6
2,No,Research & Development,49,Male,Research Scientist,2,5130,3,10
4,Yes,Research & Development,37,Male,Laboratory Technician,3,2090,3,0
5,No,Research & Development,33,Female,Research Scientist,3,2909,3,8
7,No,Research & Development,27,Male,Laboratory Technician,2,3468,3,2
8,No,Research & Development,32,Male,Laboratory Technician,4,3068,2,7
10,No,Research & Development,59,Female,Laboratory Technician,1,2670,2,1
11,No,Research & Development,30,Male,Laboratory Technician,3,2693,3,1
12,No,Research & Development,38,Male,Manufacturing Director,3,9526,3,9
13,No,Research & Development,36,Male,Healthcare Representative,3,5237,2,7
14,No,Research & Development,35,Male,Laboratory Technician,2,2426,3,5
15,No,Research & Development,29,Female,Laboratory Technician,3,4193,3,9
16,No,Research & Development,31,Male,Research Scientist,3,2911,2,5
18,No,Research & Development,34,Male,Laboratory Technician,4,2661,3,2
19,Yes,Research & Development,28,Male,Laboratory Technician,3,2028,3,4
20,No,Research & Development,29,Female,Manufacturing Director,1,9980,3,10
21,No,Research & Development,32,Male,Research Scientist,2,3298,2,6
22,No,Research & Development,22,Male,Laboratory Technician,4,2935,2,1
23,No,Sales,53,Female,Manager,4,15427,3,25
24,No,Research & Development,38,Male,Research Scientist,4,3944,3,3
26,No,Research & Development,24,Female,Manufacturing Director,3,4011,2,4
27,Yes,Sales,36,Male,Sales Representative,1,3407,3,5
28,No,Research & Development,34,Female,Research Director,2,11994,3,12
30,No,Research & Development,21,Male,Research Scientist,4,1232,3,0
31,Yes,Research & Development,34,Male,Research Scientist,1,2960,3,4
32,No,Research & Development,53,Female,Manager,3,19094,2,14
33,Yes,Research & Development,32,Female,Research Scientist,1,3919,3,10
35,No,Sales,42,Male,Sales Executive,2,6825,3,9
36,No,Research & Development,44,Female,Healthcare Representative,4,10248,3,22
38,No,Sales,46,Female,Manager,1,18947,2,2
39,No,Research & Development,33,Male,Laboratory Technician,4,2496,3,1
40,No,Research & Development,44,Male,Healthcare Representative,4,6465,4,4
41,No,Research & Development,30,Male,Laboratory Technician,3,2206,3,10
42,Yes,Sales,39,Male,Sales Representative,4,2086,4,1
45,Yes,Research & Development,24,Male,Research Scientist,4,2293,2,2
46,No,Research & Development,43,Female,Research Scientist,3,2645,2,5
47,Yes,Sales,50,Male,Sales Representative,3,2683,3,3
49,No,Sales,35,Female,Sales Representative,4,2014,3,2
51,No,Research & Development,36,Female,Research Scientist,1,3419,4,1
52,No,Sales,33,Female,Sales Executive,1,5376,3,5
53,No,Research & Development,35,Male,Laboratory Technician,4,1951,3,1
54,No,Research & Development,27,Female,Laboratory Technician,1,2341,3,1
55,Yes,Research & Development,26,Male,Laboratory Technician,3,2293,2,1
56,No,Sales,27,Male,Sales Executive,3,8726,3,9
57,No,Research & Development,30,Female,Laboratory Technician,4,4011,3,12
58,Yes,Research & Development,41,Female,Research Director,3,19545,3,22
60,No,Sales,34,Male,Sales Executive,3,4568,3,9
61,No,Research & Development,37,Male,Research Scientist,2,3022,3,1
62,No,Sales,46,Male,Sales Executive,4,5772,3,9
63,No,Research & Development,35,Male,Laboratory Technician,4,2269,3,1
64,Yes,Research & Development,48,Male,Laboratory Technician,3,5381,3,1
65,Yes,Research & Development,28,Male,Laboratory Technician,3,3441,2,2
68,No,Sales,44,Female,Sales Executive,1,5454,2,4
70,No,Research & Development,35,Male,Healthcare Representative,1,9884,3,4
72,No,Sales,26,Female,Sales Executive,4,4157,2,2
73,No,Research & Development,33,Female,Research Director,4,13458,3,15
74,No,Sales,35,Male,Sales Executive,1,9069,2,9
75,No,Research & Development,35,Female,Laboratory Technician,1,4014,3,2
76,No,Research & Development,31,Male,Laboratory Technician,4,5915,2,7
77,No,Research & Development,37,Male,Manufacturing Director,3,5993,4,7
78,No,Research & Development,32,Male,Manufacturing Director,4,6162,3,9
79,No,Research & Development,38,Female,Laboratory Technician,4,2406,3,10
80,No,Research & Development,50,Female,Research Director,3,18740,2,27
81,No,Sales,59,Female,Sales Executive,1,7637,2,21
83,No,Research & Development,36,Female,Healthcare Representative,3,10096,3,17
84,No,Research & Development,55,Female,Manager,3,14756,3,5
85,No,Research & Development,36,Male,Manufacturing Director,2,6499,3,6
86,No,Research & Development,45,Male,Research Scientist,1,9724,3,1
88,No,Research & Development,35,Male,Research Scientist,1,2194,2,3
90,Yes,Research & Development,36,Male,Research Scientist,3,3388,2,1
91,No,Sales,59,Female,Sales Executive,3,5473,2,4
94,No,Research & Development,29,Male,Research Scientist,2,2703,3,5
95,No,Research & Development,31,Male,Research Scientist,2,2501,3,1
96,No,Research & Development,32,Male,Research Scientist,2,6220,3,10
97,No,Research & Development,36,Female,Laboratory Technician,4,3038,3,1
98,No,Research & Development,31,Female,Manufacturing Director,4,4424,3,11
100,No,Sales,35,Male,Sales Executive,1,4312,3,15
101,No,Research & Development,45,Male,Research Director,1,13245,4,0
102,No,Research & Development,37,Male,Research Director,3,13664,4,5
103,No,Human Resources,46,Male,Human Resources,2,5021,3,4
104,No,Research & Development,30,Male,Laboratory Technician,4,5126,2,10
105,No,Research & Development,35,Male,Research Scientist,3,2859,3,6
106,No,Sales,55,Male,Sales Executive,4,10239,3,1
107,No,Research & Development,38,Female,Research Scientist,4,5329,3,13
110,No,Research & Development,34,Male,Manufacturing Director,2,4325,3,5
112,No,Research & Development,56,Male,Manufacturing Director,4,7260,2,6
113,No,Sales,23,Male,Sales Representative,1,2322,3,0
116,No,Research & Development,51,Male,Laboratory Technician,4,2075,3,4
117,No,Research & Development,30,Male,Healthcare Representative,4,4152,3,11
118,Yes,Sales,46,Male,Sales Executive,4,9619,3,9
119,No,Research & Development,40,Male,Healthcare Representative,2,13503,2,22
120,No,Sales,51,Male,Sales Executive,4,5441,1,10
121,No,Sales,30,Female,Sales Executive,2,5209,2,11
124,No,Research & Development,46,Male,Healthcare Representative,1,10673,2,10
125,No,Sales,32,Male,Sales Executive,3,5010,3,11
126,No,Research & Development,54,Female,Research Director,3,13549,1,4
128,No,Sales,24,Female,Sales Executive,3,4999,2,3
129,No,Sales,28,Male,Sales Executive,3,4221,4,5
131,No,Sales,58,Male,Sales Executive,3,13872,2,37
132,No,Research & Development,44,Male,Laboratory Technician,2,2042,4,3
133,Yes,Human Resources,37,Male,Human Resources,1,2073,3,3
134,No,Research & Development,32,Male,Research Scientist,1,2956,3,1
137,Yes,Research & Development,20,Female,Laboratory Technician,4,2926,3,1
138,No,Research & Development,34,Female,Research Scientist,3,4809,3,16
139,No,Research & Development,37,Male,Healthcare Representative,4,5163,4,1
140,No,Human Resources,59,Female,Manager,4,18844,3,3
141,No,Research & Development,50,Female,Research Director,2,18172,2,8
142,Yes,Sales,25,Male,Sales Executive,3,5744,3,6
143,No,Research & Development,25,Male,Research Scientist,4,2889,3,2
144,No,Research & Development,22,Female,Laboratory Technician,4,2871,3,0
145,No,Research & Development,51,Female,Healthcare Representative,1,7484,2,13
147,Yes,Research & Development,34,Male,Laboratory Technician,3,6074,3,9
148,No,Human Resources,54,Female,Manager,4,17328,3,5
150,No,Research & Development,24,Male,Laboratory Technician,3,2774,3,5
151,No,Research & Development,34,Female,Research Scientist,2,4505,3,1
152,No,Sales,37,Male,Sales Executive,4,7428,3,5
153,No,Research & Development,34,Female,Manager,1,11631,3,11
154,No,Sales,36,Female,Sales Executive,4,9738,3,9
155,No,Research & Development,36,Female,Laboratory Technician,4,2835,3,1
158,No,Sales,43,Male,Manager,4,16959,4,25
159,No,Research & Development,30,Male,Research Scientist,3,2613,2,10
160,No,Sales,33,Male,Sales Executive,2,6146,4,7
161,Yes,Research & Development,56,Female,Research Scientist,2,4963,3,5
162,No,Research & Development,51,Male,Research Director,3,19537,3,20
163,Yes,Sales,31,Male,Sales Executive,3,6172,2,7
164,No,Research & Development,26,Female,Research Scientist,2,2368,2,5
165,Yes,Research & Development,58,Female,Healthcare Representative,4,10312,2,40
167,Yes,Sales,19,Male,Sales Representative,3,1675,2,0
169,No,Research & Development,22,Male,Laboratory Technician,4,2523,3,2
170,No,Research & Development,49,Female,Manufacturing Director,1,6567,2,15
171,No,Research & Development,43,Female,Research Scientist,3,4739,3,3
174,No,Sales,50,Female,Sales Executive,4,9208,3,2
175,Yes,Sales,31,Female,Sales Executive,3,4559,3,2
176,No,Sales,41,Male,Sales Executive,3,8189,3,9
177,No,Human Resources,26,Female,Human Resources,3,2942,3,8
178,No,Research & Development,36,Male,Manufacturing Director,2,4941,3,3
179,Yes,Research & Development,51,Male,Manufacturing Director,4,10650,3,4
182,No,Sales,39,Female,Sales Executive,3,5902,4,15
183,No,Sales,25,Male,Sales Executive,3,8639,3,2
184,No,Human Resources,30,Male,Human Resources,4,6347,1,11
190,Yes,Research & Development,32,Female,Laboratory Technician,1,4200,4,5
192,No,Research & Development,45,Male,Research Scientist,4,3452,2,6
193,No,Research & Development,38,Female,Research Scientist,3,4317,3,3
194,No,Research & Development,30,Female,Research Scientist,3,2632,2,5
195,No,Sales,32,Male,Sales Executive,4,4668,4,8
197,No,Research & Development,30,Female,Research Scientist,1,3204,3,3
198,No,Research & Development,30,Male,Laboratory Technician,4,2720,3,5
199,No,Research & Development,41,Male,Manager,1,17181,2,7
200,No,Research & Development,41,Male,Laboratory Technician,1,2238,3,5
201,No,Research & Development,19,Female,Laboratory Technician,2,1483,3,1
202,No,Research & Development,40,Female,Research Scientist,2,5605,3,20
204,No,Sales,35,Male,Sales Executive,2,7295,3,10
205,No,Sales,53,Male,Sales Representative,3,2306,1,7
206,No,Research & Development,45,Male,Laboratory Technician,2,2348,1,17
207,No,Sales,32,Female,Sales Executive,4,8998,3,9
208,No,Research & Development,29,Male,Manufacturing Director,3,4319,3,10
211,No,Research & Development,51,Male,Manufacturing Director,3,6132,3,1
214,No,Research & Development,58,Female,Research Scientist,2,3346,2,1
215,No,Sales,40,Male,Sales Executive,4,10855,2,12
216,No,Sales,34,Female,Sales Representative,3,2231,3,4
217,No,Research & Development,22,Male,Research Scientist,4,2323,3,2
218,No,Research & Development,27,Male,Research Scientist,2,2024,1,2
221,No,Research & Development,28,Male,Research Scientist,4,2713,1,5
223,No,Research & Development,57,Male,Healthcare Representative,4,9439,1,5
224,No,Research & Development,27,Male,Research Scientist,3,2566,2,1
226,No,Research & Development,50,Female,Manager,2,19926,3,5
227,No,Research & Development,41,Male,Research Scientist,3,2451,3,9
228,No,Sales,30,Female,Sales Executive,4,9419,3,10
230,No,Sales,38,Female,Sales Executive,4,8686,4,8
231,No,Research & Development,32,Male,Research Scientist,3,3038,3,5
233,No,Research & Development,27,Male,Research Scientist,2,3058,2,5
235,Yes,Sales,19,Female,Sales Representative,1,2325,4,0
238,No,Research & Development,36,Male,Laboratory Technician,2,2088,2,8
239,No,Research & Development,30,Male,Laboratory Technician,1,3072,3,12
240,No,Sales,45,Female,Sales Executive,1,5006,4,5
241,No,Research & Development,56,Female,Research Scientist,1,4257,3,2
242,No,Research & Development,33,Male,Research Scientist,4,2500,4,3
243,Yes,Research & Development,19,Male,Laboratory Technician,4,1102,2,1
244,No,Sales,46,Female,Sales Executive,1,10453,3,24
245,No,Research & Development,38,Female,Laboratory Technician,4,2288,3,2
246,No,Research & Development,31,Female,Research Scientist,4,3929,3,4
247,No,Research & Development,34,Female,Research Scientist,2,2311,3,3
248,Yes,Sales,41,Female,Sales Representative,2,3140,2,4
249,No,Research & Development,50,Male,Laboratory Technician,3,3690,2,3
250,No,Research & Development,53,Female,Manufacturing Director,1,4450,3,4
252,No,Research & Development,33,Female,Research Scientist,2,2756,3,8
253,No,Research & Development,40,Female,Manager,3,19033,3,20
254,No,Research & Development,55,Male,Research Director,2,18722,3,24
256,No,Research & Development,34,Male,Manufacturing Director,3,9547,2,10
258,No,Research & Development,51,Female,Healthcare Representative,2,13734,3,7
259,No,Research & Development,52,Male,Manager,3,19999,3,33
260,No,Research & Development,27,Female,Research Scientist,2,2279,2,7
261,Yes,Research & Development,35,Male,Manufacturing Director,3,5916,3,1
262,No,Research & Development,43,Male,Research Scientist,4,2089,4,5
264,No,Research & Development,45,Male,Manager,4,16792,3,20
267,No,Research & Development,37,Male,Research Scientist,1,3564,2,8
269,No,Research & Development,35,Female,Laboratory Technician,2,4425,3,6
270,No,Research & Development,42,Female,Manufacturing Director,3,5265,3,5
271,No,Research & Development,38,Male,Manufacturing Director,3,6553,3,1
273,No,Research & Development,38,Male,Manufacturing Director,4,6261,1,7
274,No,Research & Development,27,Male,Manufacturing Director,1,4298,3,2
275,No,Research & Development,49,Male,Manufacturing Director,4,6804,3,7
277,No,Research & Development,34,Male,Research Scientist,3,3815,4,5
281,No,Research & Development,40,Male,Laboratory Technician,4,2741,4,7
282,Yes,Research & Development,38,Male,Healthcare Representative,1,6673,3,1
283,Yes,Sales,29,Female,Sales Executive,4,7639,2,10
284,No,Research & Development,22,Male,Research Scientist,2,2328,2,4
286,No,Research & Development,36,Female,Laboratory Technician,4,2153,3,8
287,No,Research & Development,40,Male,Healthcare Representative,4,4876,1,3
288,No,Research & Development,46,Male,Healthcare Representative,1,9396,3,4
291,Yes,Sales,32,Male,Sales Executive,4,10400,2,14
292,No,Research & Development,30,Male,Manufacturing Director,3,8474,3,11
293,No,Sales,27,Female,Sales Executive,3,9981,3,7
296,No,Research & Development,51,Male,Research Director,2,12490,1,10
297,Yes,Research & Development,30,Female,Research Scientist,1,2657,3,5
298,No,Sales,41,Female,Manager,4,13591,3,1
299,Yes,Sales,30,Female,Sales Executive,1,6696,2,6
300,Yes,Research & Development,29,Male,Research Scientist,3,2058,2,6
302,No,Sales,45,Female,Sales Executive,4,8865,3,19
303,No,Sales,54,Female,Sales Executive,1,5940,3,6
304,No,Research & Development,36,Male,Laboratory Technician,2,5914,4,13
305,No,Research & Development,33,Female,Research Scientist,2,2622,3,3
306,No,Research & Development,37,Male,Research Director,4,12185,3,10
307,No,Sales,38,Male,Sales Executive,3,10609,2,16
308,No,Research & Development,31,Male,Manufacturing Director,3,4345,3,5
309,No,Research & Development,59,Male,Research Scientist,4,2177,3,1
311,No,Sales,37,Male,Sales Representative,4,2793,3,9
312,No,Sales,29,Female,Sales Executive,4,7918,3,11
314,No,Sales,35,Female,Sales Executive,3,8789,4,10
315,Yes,Research & Development,29,Male,Research Scientist,4,2389,2,4
316,No,Research & Development,52,Female,Laboratory Technician,4,3212,2,2
319,No,Research & Development,42,Male,Manager,4,19232,3,22
321,No,Human Resources,59,Male,Human Resources,3,2267,2,2
323,No,Sales,50,Female,Manager,4,19517,2,7
325,Yes,Research & Development,33,Male,Laboratory Technician,4,2436,1,5
327,No,Sales,43,Female,Manager,4,16064,3,17
328,Yes,Research & Development,33,Female,Laboratory Technician,1,2707,4,9
329,No,Sales,52,Male,Manager,3,19068,4,33
330,No,Sales,32,Female,Sales Representative,2,3931,3,4
331,Yes,Research & Development,32,Male,Laboratory Technician,3,3730,1,3
332,No,Research & Development,39,Female,Laboratory Technician,3,2232,3,3
333,No,Sales,32,Male,Sales Executive,4,4465,3,3
334,No,Research & Development,41,Male,Research Scientist,1,3072,2,1
335,No,Research & Development,40,Male,Research Scientist,4,3319,3,9
336,No,Research & Development,45,Male,Manager,4,19202,3,24
337,No,Research & Development,31,Male,Research Director,3,13675,3,2
338,No,Research & Development,33,Female,Research Scientist,4,2911,2,2
339,No,Research & Development,34,Male,Manufacturing Director,1,5957,3,11
340,No,Research & Development,37,Female,Research Scientist,1,3920,2,3
341,No,Research & Development,45,Male,Manufacturing Director,3,6434,3,3
342,Yes,Research & Development,37,Male,Manufacturing Director,3,10048,3,1
343,No,Research & Development,39,Female,Healthcare Representative,3,10938,3,19
346,No,Research & Development,29,Male,Research Scientist,4,2340,3,6
347,No,Research & Development,42,Female,Research Scientist,1,6545,3,3
349,No,Sales,29,Male,Sales Executive,4,6931,3,3
350,No,Research & Development,25,Female,Manufacturing Director,3,4898,3,4
351,No,Research & Development,42,Female,Laboratory Technician,1,2593,3,9
352,No,Research & Development,40,Male,Research Director,3,19436,3,21
353,No,Research & Development,51,Male,Research Scientist,4,2723,2,1
355,Yes,Research & Development,31,Male,Laboratory Technician,2,3479,4,5
359,No,Research & Development,32,Male,Laboratory Technician,2,2794,1,5
361,No,Sales,38,Male,Sales Executive,4,5249,3,8
362,No,Research & Development,32,Male,Laboratory Technician,1,2176,3,6
363,No,Sales,46,Female,Manager,2,16872,2,7
364,Yes,Research & Development,28,Male,Laboratory Technician,3,3485,1,0
366,No,Sales,29,Male,Sales Executive,2,6644,3,0
367,No,Research & Development,31,Male,Healthcare Representative,4,5582,3,9
369,No,Research & Development,25,Male,Healthcare Representative,1,4000,3,6
372,No,Research & Development,45,Male,Healthcare Representative,4,13496,3,20
373,No,Research & Development,36,Male,Laboratory Technician,4,3210,3,15
374,No,Research & Development,55,Male,Manager,1,19045,3,36
376,Yes,Research & Development,47,Male,Manager,2,11849,2,10
377,No,Research & Development,28,Male,Research Scientist,4,2070,2,5
378,No,Sales,37,Male,Sales Executive,4,6502,4,5
379,No,Research & Development,21,Male,Research Scientist,3,3230,4,3
380,No,Research & Development,37,Female,Research Director,4,13603,3,5
381,No,Research & Development,35,Female,Manager,2,11996,2,7
382,No,Sales,38,Female,Sales Executive,1,5605,3,8
384,No,Research & Development,26,Female,Manufacturing Director,2,6397,1,6
385,No,Research & Development,50,Male,Research Director,2,19144,2,10
386,No,Research & Development,53,Male,Research Director,3,17584,2,5
387,No,Sales,42,Male,Sales Executive,3,4907,3,20
388,No,Sales,29,Male,Sales Executive,4,4554,2,10
389,No,Research & Development,55,Male,Laboratory Technician,4,5415,3,10
390,No,Research & Development,26,Male,Healthcare Representative,1,4741,3,5
391,No,Research & Development,37,Female,Research Scientist,4,2115,3,17
392,Yes,Research & Development,44,Male,Laboratory Technician,3,3161,1,1
393,No,Research & Development,38,Male,Healthcare Representative,4,5745,3,2
394,Yes,Research & Development,26,Male,Laboratory Technician,2,2373,3,3
395,No,Research & Development,28,Female,Research Scientist,4,3310,3,5
396,No,Research & Development,49,Female,Research Director,1,18665,3,3
397,No,Research & Development,36,Male,Research Scientist,2,4485,3,8
399,No,Sales,31,Female,Sales Representative,2,2789,2,2
401,Yes,Sales,26,Male,Sales Executive,4,5828,3,8
403,No,Research & Development,37,Male,Research Scientist,4,2326,2,4
404,No,Sales,42,Female,Sales Executive,2,13525,4,20
405,Yes,Research & Development,18,Male,Laboratory Technician,3,1420,3,0
406,No,Sales,35,Male,Sales Executive,2,8020,2,11
407,No,Research & Development,36,Male,Laboratory Technician,4,3688,3,1
408,No,Research & Development,51,Male,Manufacturing Director,2,5482,3,4
410,No,Sales,41,Male,Manager,2,16015,3,22
411,No,Sales,18,Female,Sales Representative,3,1200,3,0
412,No,Research & Development,28,Male,Healthcare Representative,1,5661,3,8
416,No,Sales,31,Male,Sales Executive,4,6929,2,8
417,No,Research & Development,39,Male,Healthcare Representative,4,9613,2,18
419,No,Research & Development,36,Female,Laboratory Technician,2,5674,3,9
420,No,Sales,32,Male,Sales Executive,3,5484,2,13
421,No,Research & Development,38,Female,Research Director,2,12061,3,10
422,No,Research & Development,58,Male,Healthcare Representative,3,5660,3,5
423,No,Research & Development,31,Male,Research Scientist,4,4821,3,5
424,No,Human Resources,31,Male,Human Resources,1,6410,3,2
425,No,Research & Development,45,Male,Laboratory Technician,1,5210,3,24
426,No,Research & Development,31,Male,Research Scientist,4,2695,1,2
428,No,Research & Development,33,Female,Manager,2,11878,3,10
429,No,Research & Development,39,Male,Manager,1,17068,3,21
430,No,Research & Development,43,Female,Laboratory Technician,4,2455,3,8
431,No,Research & Development,49,Female,Healthcare Representative,3,13964,3,7
433,Yes,Research & Development,52,Male,Research Scientist,2,4941,2,8
434,No,Research & Development,27,Female,Research Scientist,2,2478,2,4
436,No,Sales,32,Female,Sales Executive,2,5228,3,13
437,No,Sales,27,Male,Sales Executive,3,4478,3,5
438,No,Sales,31,Male,Sales Executive,4,7547,3,7
439,No,Research & Development,32,Female,Research Scientist,4,5055,2,7
440,Yes,Research & Development,28,Male,Research Scientist,4,3464,2,3
441,No,Research & Development,30,Female,Research Scientist,4,5775,3,10
442,No,Research & Development,31,Female,Manufacturing Director,3,8943,3,10
444,No,Research & Development,39,Male,Manager,4,19272,3,21
445,Yes,Sales,39,Female,Sales Executive,3,5238,2,1
446,No,Sales,33,Male,Sales Executive,4,4682,2,7
447,No,Research & Development,47,Male,Research Director,3,18300,3,3
448,No,Research & Development,43,Female,Laboratory Technician,3,5257,4,9
449,No,Sales,27,Male,Sales Executive,2,6349,3,5
450,No,Research & Development,54,Female,Research Scientist,3,4869,2,4
451,No,Research & Development,43,Female,Healthcare Representative,1,9985,2,1
452,No,Research & Development,45,Male,Research Scientist,4,3697,3,10
453,No,Sales,40,Male,Sales Executive,4,7457,2,4
454,Yes,Research & Development,29,Male,Laboratory Technician,1,2119,2,7
455,No,Research & Development,29,Male,Laboratory Technician,4,3983,3,3
456,No,Sales,30,Female,Sales Executive,3,6118,3,10
458,No,Sales,27,Female,Sales Executive,2,6214,3,8
460,No,Research & Development,37,Male,Manufacturing Director,4,6347,2,6
461,No,Research & Development,38,Male,Research Director,4,11510,3,11
462,No,Research & Development,31,Female,Manufacturing Director,4,7143,2,11
463,No,Sales,29,Female,Sales Executive,2,8268,3,7
464,No,Research & Development,35,Male,Manufacturing Director,2,8095,3,16
465,No,Research & Development,23,Male,Research Scientist,4,2904,2,4
466,No,Research & Development,41,Male,Manufacturing Director,2,6032,3,5
467,No,Sales,47,Male,Sales Representative,3,2976,3,0
468,No,Research & Development,42,Female,Research Director,4,15992,3,1
469,No,Sales,29,Male,Sales Executive,3,4649,2,4
470,No,Human Resources,42,Male,Human Resources,3,2696,3,3
471,No,Research & Development,32,Female,Laboratory Technician,2,2370,3,8
473,No,Sales,48,Female,Manager,3,12504,1,0
474,No,Research & Development,37,Male,Research Scientist,1,5974,3,7
475,No,Sales,30,Female,Sales Executive,3,4736,4,2
476,No,Sales,26,Male,Sales Executive,3,5296,3,8
477,No,Research & Development,42,Male,Healthcare Representative,4,6781,3,1
478,Yes,Sales,21,Female,Sales Representative,2,2174,3,3
479,No,Sales,36,Female,Sales Executive,4,6653,3,1
481,No,Sales,36,Male,Sales Executive,4,9699,3,13
482,No,Research & Development,57,Male,Healthcare Representative,3,6755,3,3
483,No,Research & Development,40,Female,Laboratory Technician,3,2213,3,7
484,No,Sales,21,Male,Sales Representative,4,2610,2,3
485,Yes,Sales,33,Female,Sales Representative,3,2851,3,1
486,No,Research & Development,37,Female,Laboratory Technician,1,3452,3,5
487,No,Research & Development,46,Female,Manufacturing Director,3,5258,4,1
488,Yes,Sales,41,Male,Sales Executive,2,9355,3,8
491,No,Research & Development,50,Male,Healthcare Representative,4,10496,3,4
492,Yes,Sales,40,Male,Sales Executive,3,6380,3,6
493,No,Research & Development,31,Male,Research Scientist,2,2657,3,2
494,Yes,Sales,21,Female,Sales Representative,2,2716,3,1
495,No,Research & Development,29,Male,Research Scientist,4,2201,3,3
496,No,Research & Development,35,Male,Healthcare Representative,2,6540,3,1
497,No,Research & Development,27,Male,Laboratory Technician,2,3816,3,5
498,No,Sales,28,Male,Sales Executive,4,5253,3,7
499,No,Research & Development,49,Male,Healthcare Representative,3,10965,3,5
500,No,Sales,51,Female,Sales Executive,4,4936,2,7
501,No,Research & Development,36,Female,Research Scientist,3,2543,3,2
502,Yes,Sales,34,Male,Sales Executive,4,5304,2,5
505,No,Research & Development,55,Female,Manager,4,16659,3,5
507,No,Sales,24,Female,Sales Executive,3,4260,4,5
508,No,Sales,30,Male,Sales Representative,2,2476,3,1
510,Yes,Research & Development,26,Male,Research Scientist,1,3102,3,6
511,No,Research & Development,22,Female,Research Scientist,2,2244,3,2
513,No,Sales,36,Male,Sales Executive,3,7596,3,10
514,Yes,Research & Development,30,Male,Research Scientist,4,2285,3,1
515,No,Research & Development,37,Female,Laboratory Technician,1,3034,2,18
516,No,Sales,40,Female,Sales Executive,2,5715,3,5
517,No,Research & Development,42,Female,Laboratory Technician,1,2576,3,5
518,No,Research & Development,37,Male,Manufacturing Director,2,4197,2,1
520,No,Research & Development,43,Male,Research Director,2,14336,3,25
521,No,Research & Development,40,Female,Laboratory Technician,3,3448,3,1
522,No,Research & Development,54,Male,Research Director,1,19406,2,4
523,No,Sales,34,Female,Sales Executive,3,6538,3,3
524,No,Research & Development,31,Female,Manufacturing Director,1,4306,1,13
525,No,Research & Development,43,Male,Laboratory Technician,4,2258,3,3
526,No,Research & Development,43,Female,Healthcare Representative,3,4522,3,5
527,No,Sales,25,Female,Sales Executive,4,4487,3,5
529,No,Research & Development,37,Female,Research Scientist,3,4449,3,13
530,No,Research & Development,31,Male,Laboratory Technician,1,2218,3,4
531,No,Research & Development,39,Male,Manager,3,19197,3,21
532,No,Sales,56,Female,Sales Executive,1,13212,2,7
533,No,Sales,30,Female,Sales Executive,3,6577,3,5
534,No,Sales,41,Male,Sales Executive,1,8392,3,10
536,No,Research & Development,28,Male,Laboratory Technician,1,4558,3,10
538,Yes,Research & Development,25,Male,Laboratory Technician,1,4031,3,2
543,No,Research & Development,52,Male,Manufacturing Director,3,7969,3,5
544,No,Research & Development,45,Male,Research Scientist,4,2654,2,2
546,No,Research & Development,52,Female,Manager,4,16555,1,5
547,No,Research & Development,42,Female,Research Scientist,3,4556,3,5
548,No,Research & Development,30,Female,Manufacturing Director,4,6091,3,5
549,No,Research & Development,60,Female,Manager,1,19566,1,29
550,No,Research & Development,46,Female,Manufacturing Director,3,4810,2,10
551,No,Research & Development,42,Female,Healthcare Representative,4,4523,4,6
554,Yes,Sales,24,Female,Sales Representative,2,3202,3,5
555,Yes,Sales,34,Female,Sales Representative,3,2351,2,2
556,No,Research & Development,38,Male,Laboratory Technician,4,1702,3,1
558,No,Sales,40,Female,Manager,3,18041,3,20
560,No,Research & Development,26,Female,Research Scientist,4,2886,1,3
562,No,Research & Development,30,Male,Laboratory Technician,4,2097,1,5
564,No,Research & Development,29,Male,Research Director,3,11935,3,10
565,Yes,Research & Development,29,Female,Research Scientist,2,2546,4,2
566,Yes,Human Resources,19,Male,Human Resources,4,2564,4,1
567,No,Sales,30,Female,Sales Executive,1,8412,3,9
568,No,Sales,57,Male,Manager,4,14118,2,1
569,No,Research & Development,50,Male,Manager,3,17046,3,27
571,No,Research & Development,30,Female,Laboratory Technician,4,2564,2,11
573,No,Sales,60,Female,Sales Executive,1,10266,4,18
574,No,Research & Development,47,Female,Manufacturing Director,4,5070,3,5
575,No,Research & Development,46,Male,Research Director,3,17861,1,3
577,No,Research & Development,35,Male,Laboratory Technician,3,4230,3,5
578,No,Research & Development,54,Female,Laboratory Technician,3,3780,3,1
579,No,Research & Development,34,Male,Research Scientist,3,2768,3,7
580,No,Sales,46,Female,Sales Executive,4,9071,3,3
581,No,Research & Development,31,Male,Manufacturing Director,2,10648,4,13
582,Yes,Research & Development,33,Male,Manager,3,13610,4,7
584,Yes,Research & Development,33,Male,Laboratory Technician,4,3408,3,4
585,No,Sales,30,Male,Sales Representative,2,2983,3,3
586,No,Research & Development,35,Male,Healthcare Representative,3,7632,3,8
587,Yes,Research & Development,31,Male,Healthcare Representative,3,9824,3,1
590,Yes,Human Resources,34,Female,Human Resources,1,9950,3,3
591,No,Research & Development,42,Male,Laboratory Technician,3,2093,3,2
592,No,Sales,36,Male,Sales Executive,4,9980,2,10
593,Yes,Research & Development,22,Male,Laboratory Technician,3,3894,3,2
595,No,Sales,48,Female,Sales Executive,4,4051,3,9
597,No,Sales,55,Female,Manager,2,16835,3,10
599,No,Sales,41,Male,Sales Executive,4,6230,3,14
600,No,Sales,35,Male,Sales Executive,3,4717,3,11
601,No,Research & Development,40,Female,Manufacturing Director,3,13237,3,20
602,No,Research & Development,39,Female,Laboratory Technician,3,3755,3,8
604,No,Sales,31,Male,Sales Executive,4,6582,4,6
605,No,Research & Development,42,Male,Manufacturing Director,1,7406,2,10
606,No,Sales,45,Male,Sales Executive,2,4805,4,8
608,Yes,Human Resources,26,Female,Human Resources,3,2741,2,7
611,No,Research & Development,29,Male,Manufacturing Director,4,4262,4,3
612,No,Research & Development,33,Female,Research Director,3,16184,3,6
613,No,Sales,31,Male,Manager,4,11557,2,5
614,Yes,Sales,18,Male,Sales Representative,2,1878,3,0
615,No,Sales,40,Male,Sales Executive,1,10932,3,1
616,No,Research & Development,41,Female,Healthcare Representative,3,6811,3,8
618,No,Sales,26,Male,Sales Executive,3,4306,3,0
620,No,Sales,35,Female,Sales Executive,3,4859,3,5
621,No,Sales,34,Male,Sales Executive,4,5337,3,10
622,Yes,Research & Development,26,Male,Laboratory Technician,4,2340,1,1
623,No,Research & Development,37,Female,Manufacturing Director,4,7491,4,6
624,No,Research & Development,46,Female,Healthcare Representative,3,10527,2,2
625,No,Sales,41,Female,Manager,1,16595,3,18
626,No,Sales,37,Male,Sales Executive,2,8834,3,9
630,No,Research & Development,52,Male,Research Scientist,1,5577,3,10
631,Yes,Sales,32,Male,Sales Executive,3,4707,3,4
632,No,Sales,24,Male,Sales Representative,4,2400,3,2
634,No,Research & Development,38,Female,Healthcare Representative,3,9824,3,1
635,No,Research & Development,37,Female,Manufacturing Director,2,6447,2,6
638,No,Research & Development,49,Male,Research Director,3,19502,3,31
639,No,Research & Development,24,Male,Research Scientist,4,2725,3,6
641,No,Sales,26,Male,Sales Executive,2,6272,4,5
643,No,Research & Development,24,Male,Laboratory Technician,2,2127,3,1
644,No,Human Resources,50,Male,Manager,2,18200,3,32
645,No,Sales,25,Male,Sales Representative,3,2096,3,7
647,Yes,Research & Development,24,Female,Laboratory Technician,3,2886,3,6
648,Yes,Sales,30,Male,Sales Representative,1,2033,4,1
649,No,Research & Development,34,Male,Research Scientist,4,3622,3,6
650,Yes,Sales,31,Male,Sales Executive,1,4233,1,3
652,No,Research & Development,35,Male,Laboratory Technician,4,3681,3,3
653,No,Sales,31,Male,Sales Executive,4,5460,4,7
655,No,Research & Development,27,Female,Research Scientist,3,2187,2,5
656,No,Sales,37,Male,Sales Executive,3,9602,2,3
657,No,Research & Development,20,Female,Research Scientist,2,2836,4,1
659,No,Research & Development,42,Female,Healthcare Representative,4,4089,3,10
661,No,Research & Development,43,Male,Research Director,4,16627,2,1
662,No,Research & Development,38,Female,Research Scientist,1,2619,2,0
663,No,Research & Development,43,Male,Laboratory Technician,3,5679,3,8
664,No,Research & Development,48,Female,Manager,1,15402,1,3
665,No,Human Resources,44,Female,Human Resources,3,5985,4,2
666,No,Sales,34,Female,Sales Representative,3,2579,3,8
667,Yes,Sales,27,Male,Sales Representative,1,3041,3,4
669,No,Sales,21,Male,Sales Representative,3,3447,3,3
671,No,Research & Development,44,Male,Manager,4,19513,4,2
675,No,Research & Development,22,Male,Research Scientist,3,2773,3,2
677,No,Sales,33,Male,Sales Executive,3,7104,3,5
679,No,Research & Development,32,Female,Research Scientist,4,6322,2,6
680,No,Research & Development,30,Female,Research Scientist,3,2083,3,1
682,No,Sales,53,Female,Sales Executive,1,8381,4,14
683,No,Research & Development,34,Male,Research Scientist,4,2691,2,10
684,Yes,Sales,45,Female,Sales Executive,1,4286,3,1
686,No,Research & Development,26,Female,Laboratory Technician,4,2659,3,3
689,No,Research & Development,37,Male,Manufacturing Director,3,9434,3,10
690,No,Sales,29,Female,Sales Executive,3,5561,2,6
691,No,Research & Development,35,Male,Research Scientist,4,6646,3,17
692,No,Research & Development,33,Male,Healthcare Representative,4,7725,1,13
698,No,Human Resources,54,Male,Human Resources,2,10725,4,9
699,No,Research & Development,36,Male,Manufacturing Director,2,8847,3,3
700,No,Research & Development,27,Male,Research Scientist,4,2045,3,4
701,Yes,Research & Development,20,Male,Research Scientist,3,1009,3,1
702,Yes,Research & Development,33,Male,Research Scientist,1,3348,3,10
704,No,Research & Development,35,Male,Laboratory Technician,3,1281,3,1
705,No,Research & Development,23,Male,Research Scientist,1,2819,4,3
707,No,Sales,25,Male,Sales Executive,2,4851,3,3
709,No,Sales,38,Female,Sales Executive,4,4028,3,7
710,No,Research & Development,29,Male,Research Scientist,4,2720,3,10
712,No,Sales,48,Male,Sales Executive,2,8120,3,2
714,No,Sales,27,Female,Sales Executive,4,4647,3,6
715,No,Research & Development,37,Male,Research Scientist,4,4680,3,1
716,No,Research & Development,50,Male,Laboratory Technician,3,3221,3,20
717,No,Research & Development,34,Female,Healthcare Representative,2,8621,4,8
720,Yes,Sales,24,Female,Sales Executive,3,4577,3,2
721,No,Research & Development,39,Female,Healthcare Representative,3,4553,3,20
722,No,Sales,32,Male,Sales Executive,4,5396,2,10
723,Yes,Sales,50,Male,Sales Executive,3,6796,3,4
724,No,Research & Development,38,Female,Healthcare Representative,4,7625,2,9
725,No,Research & Development,27,Female,Manufacturing Director,1,7412,3,9
727,No,Research & Development,32,Female,Research Director,4,11159,3,7
728,No,Sales,47,Male,Sales Executive,1,4960,3,7
729,No,Sales,40,Male,Sales Executive,1,10475,3,18
730,No,Research & Development,53,Male,Research Director,3,14814,3,5
731,No,Human Resources,41,Male,Manager,4,19141,2,21
732,No,Sales,60,Male,Sales Executive,1,5405,3,2
733,No,Research & Development,27,Male,Manufacturing Director,1,8793,2,9
734,No,Human Resources,41,Male,Manager,3,19189,3,22
738,No,Sales,50,Male,Sales Representative,2,3875,3,2
741,Yes,Research & Development,28,Female,Research Scientist,2,2216,3,7
742,No,Research & Development,36,Female,Research Director,1,11713,3,8
743,No,Research & Development,38,Female,Manufacturing Director,3,7861,4,1
744,No,Research & Development,44,Male,Laboratory Technician,3,3708,3,5
746,No,Sales,47,Female,Sales Executive,3,13770,2,22
747,No,Sales,30,Male,Sales Executive,4,5304,2,8
749,No,Sales,29,Male,Sales Representative,3,2642,3,1
752,Yes,Research & Development,42,Male,Research Scientist,3,2759,3,2
754,No,Sales,43,Male,Sales Executive,4,6804,3,2
757,No,Research & Development,34,Female,Healthcare Representative,3,6142,3,5
758,No,Research & Development,23,Male,Laboratory Technician,1,2500,4,4
760,No,Human Resources,39,Female,Human Resources,2,6389,1,8
762,No,Research & Development,56,Male,Healthcare Representative,4,11103,2,10
763,No,Research & Development,40,Female,Research Scientist,4,2342,2,4
764,No,Research & Development,27,Female,Healthcare Representative,1,6811,1,7
766,No,Sales,29,Male,Sales Representative,2,2297,3,2
769,No,Research & Development,53,Male,Laboratory Technician,4,2450,3,2
771,No,Research & Development,35,Female,Healthcare Representative,1,5093,4,1
772,No,Research & Development,32,Male,Laboratory Technician,4,5309,3,10
773,No,Research & Development,38,Male,Research Scientist,3,3057,1,1
775,No,Research & Development,34,Female,Manufacturing Director,1,5121,3,0
776,No,Sales,52,Male,Manager,1,16856,4,34
780,Yes,Research & Development,33,Male,Research Scientist,4,2686,2,10
781,No,Sales,25,Female,Sales Executive,4,6180,2,6
783,No,Sales,45,Male,Sales Representative,3,6632,3,8
784,No,Research & Development,23,Male,Research Scientist,3,3505,3,2
785,Yes,Sales,47,Female,Sales Executive,3,6397,3,5
786,No,Sales,34,Male,Sales Executive,4,6274,3,6
787,Yes,Research & Development,55,Male,Manager,1,19859,3,5
789,No,Sales,36,Male,Sales Executive,1,7587,3,10
791,No,Research & Development,52,Male,Research Scientist,4,4258,3,4
792,No,Research & Development,26,Female,Laboratory Technician,4,4364,3,2
793,No,Research & Development,29,Female,Healthcare Representative,3,4335,2,8
796,Yes,Sales,26,Male,Sales Executive,1,5326,2,4
797,No,Research & Development,34,Female,Research Scientist,4,3280,3,4
799,No,Research & Development,54,Female,Manufacturing Director,1,5485,3,5
800,No,Sales,27,Male,Sales Executive,4,4342,3,4
802,No,Research & Development,37,Female,Research Scientist,1,2782,2,5
803,No,Research & Development,38,Female,Manufacturing Director,1,5980,3,15
804,No,Research & Development,34,Female,Research Scientist,1,4381,3,6
805,No,Sales,35,Female,Sales Representative,4,2572,2,3
806,No,Research & Development,30,Male,Laboratory Technician,3,3833,3,2
807,No,Research & Development,40,Female,Healthcare Representative,2,4244,3,8
808,No,Sales,34,Female,Sales Executive,1,6500,3,3
809,No,Research & Development,42,Male,Manager,4,18430,2,24
811,Yes,Research & Development,23,Male,Laboratory Technician,1,1601,3,0
812,No,Research & Development,24,Male,Laboratory Technician,2,2694,3,1
813,No,Research & Development,52,Female,Laboratory Technician,3,3149,3,5
815,No,Research & Development,50,Male,Research Director,3,17639,3,4
816,Yes,Research & Development,29,Female,Laboratory Technician,1,2319,3,1
817,No,Research & Development,33,Male,Research Director,3,11691,4,13
819,Yes,Sales,33,Female,Sales Executive,1,5324,3,3
820,No,Research & Development,47,Female,Manager,4,16752,2,26
823,No,Research & Development,36,Female,Manufacturing Director,2,5228,3,9
824,No,Research & Development,29,Male,Research Scientist,3,2700,3,10
825,Yes,Research & Development,58,Male,Research Director,2,19246,3,31
826,No,Research & Development,35,Female,Research Scientist,3,2506,3,2
827,No,Research & Development,42,Female,Manufacturing Director,4,6062,3,4
828,Yes,Research & Development,28,Male,Research Scientist,3,4382,2,2
829,No,Human Resources,36,Male,Human Resources,2,2143,3,5
830,No,Research & Development,32,Female,Manufacturing Director,3,6162,3,14
832,No,Research & Development,40,Male,Laboratory Technician,3,5094,3,1
833,No,Research & Development,30,Female,Manufacturing Director,4,6877,2,0
834,No,Research & Development,45,Female,Research Scientist,3,2274,3,1
836,No,Research & Development,42,Male,Manufacturing Director,2,4434,2,9
837,No,Research & Development,38,Male,Healthcare Representative,1,6288,2,4
838,No,Research & Development,34,Female,Research Scientist,4,2553,3,5
840,Yes,Sales,49,Female,Sales Executive,4,7654,4,9
842,Yes,Sales,55,Male,Sales Executive,4,5160,2,9
843,No,Research & Development,43,Male,Research Director,1,17159,3,4
844,No,Research & Development,27,Male,Research Director,4,12808,3,9
845,No,Research & Development,35,Male,Manufacturing Director,3,10221,4,8
846,No,Sales,28,Female,Sales Executive,2,4779,3,8
847,No,Human Resources,34,Male,Human Resources,4,3737,1,3
848,Yes,Research & Development,26,Female,Research Scientist,3,2366,3,8
850,No,Research & Development,27,Male,Research Scientist,4,1706,2,0
851,No,Sales,51,Female,Manager,3,16307,2,20
852,No,Research & Development,44,Male,Healthcare Representative,2,5933,2,5
854,No,Research & Development,25,Male,Research Scientist,1,3424,2,4
855,No,Sales,33,Male,Sales Executive,1,4037,3,9
856,No,Research & Development,35,Female,Research Scientist,1,2559,2,6
857,No,Sales,36,Male,Sales Executive,4,6201,2,18
859,No,Sales,32,Male,Sales Executive,4,4403,2,5
861,No,Research & Development,30,Male,Research Scientist,4,3761,2,5
862,No,Sales,53,Female,Sales Executive,4,10934,3,5
864,No,Sales,45,Male,Sales Executive,1,10761,3,5
865,No,Research & Development,32,Female,Research Scientist,3,5175,2,5
867,No,Research & Development,52,Female,Manufacturing Director,4,13826,3,9
868,No,Sales,37,Male,Sales Executive,3,6334,3,1
869,No,Human Resources,28,Male,Human Resources,4,4936,3,5
872,No,Research & Development,22,Male,Manufacturing Director,4,4775,1,2
874,No,Research & Development,44,Male,Laboratory Technician,4,2818,2,3
875,No,Research & Development,42,Male,Research Scientist,4,2515,3,2
878,No,Human Resources,36,Male,Human Resources,1,2342,3,5
879,No,Sales,25,Male,Sales Executive,1,4194,3,5
880,No,Research & Development,35,Female,Manufacturing Director,3,10685,3,17
881,Yes,Research & Development,35,Female,Research Scientist,2,2022,2,10
882,No,Research & Development,32,Male,Laboratory Technician,4,2314,3,3
885,No,Sales,25,Male,Sales Executive,1,4256,4,5
887,No,Research & Development,49,Female,Research Scientist,1,3580,3,4
888,No,Research & Development,24,Male,Laboratory Technician,4,3162,2,5
889,No,Sales,32,Male,Sales Executive,2,6524,3,10
893,No,Sales,38,Male,Sales Representative,2,2899,3,2
894,No,Research & Development,42,Female,Laboratory Technician,4,5231,2,5
895,No,Research & Development,31,Male,Research Scientist,4,2356,3,6
896,Yes,Sales,29,Female,Sales Representative,3,2800,3,3
897,No,Sales,53,Male,Sales Executive,4,11836,3,2
899,No,Research & Development,35,Male,Manufacturing Director,2,10903,3,13
900,No,Sales,37,Female,Sales Representative,4,2973,3,5
901,No,Research & Development,53,Female,Research Director,4,14275,3,12
902,No,Research & Development,43,Female,Healthcare Representative,4,5562,2,5
903,No,Sales,47,Female,Sales Executive,4,4537,3,7
904,No,Sales,37,Male,Sales Executive,2,7642,3,10
905,No,Research & Development,50,Male,Manager,1,17924,3,31
909,No,Human Resources,39,Female,Human Resources,4,5204,3,5
910,No,Human Resources,33,Male,Human Resources,2,2277,4,4
911,Yes,Research & Development,32,Male,Laboratory Technician,4,2795,1,1
912,No,Research & Development,29,Female,Laboratory Technician,4,2532,3,4
913,No,Research & Development,44,Male,Research Scientist,1,2559,3,8
916,No,Sales,28,Male,Sales Executive,4,4908,3,4
918,Yes,Research & Development,58,Male,Laboratory Technician,4,2380,2,1
920,No,Research & Development,43,Female,Manufacturing Director,2,4765,4,1
922,Yes,Sales,20,Female,Sales Representative,3,2044,2,2
923,Yes,Research & Development,21,Female,Research Scientist,4,2693,2,1
924,No,Research & Development,36,Male,Healthcare Representative,4,6586,2,16
925,No,Sales,47,Female,Sales Representative,4,3294,2,3
926,Yes,Research & Development,22,Female,Manufacturing Director,3,4171,4,3
927,Yes,Research & Development,41,Female,Laboratory Technician,4,2778,2,7
930,No,Research & Development,28,Female,Research Scientist,3,2377,3,2
932,Yes,Research & Development,39,Male,Laboratory Technician,1,2404,1,2
933,No,Research & Development,27,Female,Research Scientist,3,2318,3,1
934,No,Research & Development,34,Male,Laboratory Technician,2,2008,3,1
936,No,Sales,42,Female,Sales Executive,3,6244,3,5
939,No,Research & Development,33,Male,Research Scientist,1,2799,3,3
940,No,Research & Development,58,Female,Healthcare Representative,2,10552,3,6
941,No,Sales,31,Male,Sales Representative,3,2329,4,7
942,No,Research & Development,35,Female,Healthcare Representative,4,4014,1,10
944,No,Research & Development,49,Female,Laboratory Technician,2,7403,2,26
945,No,Research & Development,48,Male,Research Scientist,3,2259,2,0
947,No,Sales,31,Female,Sales Executive,3,6932,2,9
949,No,Research & Development,36,Male,Research Scientist,4,4678,3,6
950,No,Research & Development,38,Female,Research Director,1,13582,3,15
951,No,Research & Development,32,Female,Laboratory Technician,2,2332,3,3
952,Yes,Sales,25,Male,Sales Representative,2,2413,3,1
954,No,Sales,40,Male,Sales Executive,2,9705,2,1
956,No,Sales,26,Male,Sales Executive,1,4294,3,7
957,No,Research & Development,41,Male,Laboratory Technician,1,4721,3,18
958,No,Research & Development,36,Male,Laboratory Technician,3,2519,3,11
959,Yes,Sales,19,Male,Sales Representative,2,2121,4,1
960,Yes,Research & Development,20,Male,Laboratory Technician,1,2973,3,1
961,No,Research & Development,31,Female,Healthcare Representative,4,5855,1,9
964,No,Research & Development,40,Male,Research Scientist,2,3617,3,1
966,No,Research & Development,32,Female,Manufacturing Director,1,6725,4,8
967,Yes,Sales,36,Male,Sales Executive,4,10325,3,16
969,No,Research & Development,33,Female,Healthcare Representative,4,6949,3,5
970,Yes,Sales,37,Male,Sales Executive,3,10609,1,14
972,No,Research & Development,45,Male,Laboratory Technician,2,4447,2,9
974,No,Sales,29,Female,Sales Representative,4,2157,3,3
975,No,Sales,35,Female,Sales Executive,3,4601,3,5
976,No,Research & Development,52,Male,Manager,4,17099,2,9
977,Yes,Research & Development,58,Male,Research Scientist,3,2479,3,1
981,No,Sales,53,Male,Manager,3,14852,4,17
982,No,Sales,30,Male,Sales Executive,3,7264,4,8
983,No,Sales,38,Female,Sales Executive,4,5666,3,5
984,No,Sales,35,Male,Sales Executive,4,7823,3,10
985,No,Sales,39,Male,Sales Executive,3,7880,3,8
986,Yes,Sales,40,Female,Sales Executive,2,13194,2,1
987,No,Research & Development,47,Male,Manufacturing Director,3,5067,4,19
990,No,Sales,36,Male,Sales Executive,4,5079,3,7
991,Yes,Research & Development,31,Male,Research Scientist,1,2321,3,3
992,No,Sales,33,Male,Manager,3,17444,3,10
994,Yes,Research & Development,29,Female,Research Scientist,1,2404,3,0
995,No,Research & Development,33,Female,Research Scientist,4,3452,3,3
996,No,Research & Development,45,Female,Laboratory Technician,4,2270,3,5
997,No,Research & Development,50,Male,Research Director,4,17399,2,5
998,No,Research & Development,33,Female,Healthcare Representative,2,5488,3,6
999,No,Research & Development,41,Male,Research Director,3,19419,4,18
1001,No,Research & Development,27,Female,Laboratory Technician,2,2811,3,2
1002,No,Research & Development,45,Male,Laboratory Technician,1,3633,3,9
1003,No,Sales,47,Female,Sales Executive,4,4163,3,9
1004,Yes,Research & Development,30,Female,Research Scientist,3,2132,3,5
1005,No,Research & Development,50,Male,Manufacturing Director,3,13973,3,12
1006,No,Research & Development,38,Male,Research Scientist,3,2684,2,2
1007,No,Research & Development,46,Male,Manufacturing Director,3,10845,3,8
1009,No,Research & Development,24,Female,Manufacturing Director,3,4377,3,4
1010,Yes,Research & Development,35,Male,Laboratory Technician,2,3743,1,4
1011,No,Research & Development,31,Female,Manufacturing Director,1,4148,3,4
1012,No,Research & Development,18,Male,Research Scientist,4,1051,3,0
1013,No,Research & Development,54,Female,Manufacturing Director,3,10739,3,10
1014,No,Research & Development,35,Female,Healthcare Representative,3,10388,2,16
1015,No,Research & Development,30,Female,Research Director,1,11416,2,8
1016,Yes,Research & Development,20,Female,Research Scientist,1,2600,3,1
1017,Yes,Research & Development,30,Female,Laboratory Technician,2,2422,3,3
1018,No,Research & Development,26,Male,Manufacturing Director,4,5472,3,8
1019,No,Research & Development,22,Male,Laboratory Technician,1,2451,2,4
1022,No,Research & Development,48,Male,Healthcare Representative,3,4240,3,2
1024,No,Research & Development,48,Male,Healthcare Representative,3,10999,3,15
1025,No,Research & Development,41,Female,Manufacturing Director,3,5003,3,2
1026,No,Research & Development,39,Female,Manufacturing Director,4,12742,3,21
1027,No,Research & Development,27,Female,Manufacturing Director,4,4227,3,3
1028,No,Research & Development,35,Male,Laboratory Technician,4,3917,2,3
1029,No,Sales,42,Male,Manager,3,18303,4,1
1030,No,Research & Development,50,Male,Laboratory Technician,4,2380,3,1
1032,No,Research & Development,59,Female,Manufacturing Director,4,13726,3,5
1033,Yes,Research & Development,37,Female,Healthcare Representative,2,4777,1,1
1034,No,Research & Development,55,Male,Healthcare Representative,2,6385,3,8
1035,No,Research & Development,41,Female,Research Director,3,19973,3,21
1036,No,Sales,38,Male,Sales Executive,4,6861,3,1
1037,Yes,Sales,26,Male,Sales Executive,1,4969,3,2
1038,Yes,Sales,52,Female,Manager,4,19845,3,32
1039,No,Sales,44,Female,Sales Executive,4,13320,3,12
1040,No,Sales,50,Female,Sales Executive,3,6347,3,18
1042,Yes,Research & Development,36,Female,Laboratory Technician,1,2743,3,17
1043,No,Research & Development,39,Female,Manufacturing Director,1,10880,3,21
1044,No,Sales,33,Female,Sales Representative,4,2342,2,2
1045,No,Sales,45,Female,Manager,4,17650,4,9
1046,No,Research & Development,32,Female,Laboratory Technician,3,4025,3,8
1047,No,Sales,34,Male,Sales Executive,4,9725,2,15
1048,No,Sales,59,Male,Manager,4,11904,1,6
1049,No,Human Resources,45,Male,Human Resources,2,2177,3,6
1050,No,Sales,53,Female,Sales Executive,2,7525,3,15
1052,Yes,Research & Development,36,Male,Laboratory Technician,3,4834,2,1
1053,Yes,Research & Development,26,Male,Research Scientist,1,2042,3,3
1055,No,Sales,34,Female,Sales Representative,3,2220,3,1
1056,No,Sales,28,Male,Sales Representative,2,1052,3,1
1060,No,Research & Development,38,Male,Research Scientist,3,2821,3,2
1061,No,Research & Development,50,Male,Research Director,3,19237,2,8
1062,No,Research & Development,37,Female,Healthcare Representative,2,4107,2,4
1066,No,Sales,40,Male,Sales Executive,1,8396,2,7
1068,No,Research & Development,26,Female,Research Scientist,3,2007,3,5
1069,No,Research & Development,46,Male,Research Director,4,19627,3,2
1070,No,Sales,54,Female,Sales Executive,3,10686,3,9
1071,No,Research & Development,56,Female,Research Scientist,3,2942,3,5
1073,No,Research & Development,36,Female,Manufacturing Director,4,8858,2,14
1074,No,Research & Development,55,Male,Manager,1,16756,4,9
1076,No,Sales,43,Male,Sales Executive,4,10798,3,1
1077,Yes,Sales,20,Female,Sales Representative,4,2323,3,2
1079,Yes,Research & Development,21,Female,Laboratory Technician,1,1416,2,1
1080,No,Research & Development,46,Female,Research Scientist,1,4615,3,16
1081,Yes,Research & Development,51,Male,Research Scientist,3,2461,4,10
1082,Yes,Research & Development,28,Male,Healthcare Representative,1,8722,2,10
1083,No,Research & Development,26,Male,Laboratory Technician,1,3955,3,5
1084,No,Research & Development,30,Male,Manufacturing Director,1,9957,2,6
1085,No,Research & Development,41,Female,Research Scientist,3,3376,3,10
1088,No,Research & Development,38,Female,Healthcare Representative,3,8823,2,19
1092,No,Research & Development,40,Male,Healthcare Representative,4,10322,3,11
1094,No,Research & Development,27,Male,Laboratory Technician,3,4621,3,3
1096,No,Research & Development,55,Male,Manufacturing Director,2,10976,3,3
1097,No,Research & Development,28,Female,Research Scientist,3,3660,4,8
1098,Yes,Human Resources,44,Male,Human Resources,1,10482,3,20
1099,No,Research & Development,33,Male,Healthcare Representative,4,7119,3,3
1100,Yes,Sales,35,Male,Sales Executive,1,9582,3,8
1101,Yes,Research & Development,33,Female,Research Scientist,3,4508,3,13
1102,No,Research & Development,28,Male,Laboratory Technician,3,2207,2,4
1103,No,Research & Development,34,Male,Healthcare Representative,4,7756,2,6
1105,No,Sales,37,Female,Sales Executive,4,6694,3,1
1106,Yes,Research & Development,25,Male,Laboratory Technician,4,3691,4,7
1107,Yes,Research & Development,26,Male,Laboratory Technician,3,2377,2,1
1108,Yes,Research & Development,33,Male,Research Scientist,2,2313,3,2
1109,No,Research & Development,42,Male,Manager,1,17665,3,22
1111,Yes,Research & Development,28,Male,Laboratory Technician,2,2596,3,1
1113,Yes,Sales,50,Male,Sales Executive,3,4728,3,0
1114,No,Sales,33,Female,Sales Executive,2,4302,3,3
1115,No,Research & Development,34,Male,Research Scientist,4,2979,3,0
1116,No,Research & Development,48,Male,Manager,4,16885,2,5
1117,No,Sales,45,Female,Sales Executive,3,5593,3,15
1118,No,Research & Development,52,Male,Healthcare Representative,2,10445,3,8
1119,No,Sales,38,Male,Sales Executive,3,8740,3,8
1120,No,Research & Development,29,Female,Research Scientist,4,2514,3,7
1121,No,Research & Development,28,Female,Manufacturing Director,2,7655,2,9
1124,No,Sales,46,Male,Manager,3,17465,3,12
1125,No,Sales,38,Male,Sales Executive,2,7351,3,1
1126,No,Research & Development,43,Female,Manufacturing Director,1,10820,3,8
1127,Yes,Research & Development,39,Male,Healthcare Representative,4,12169,3,18
1128,No,Research & Development,40,Male,Research Director,3,19626,4,20
1131,No,Research & Development,21,Female,Research Scientist,2,2070,4,2
1132,No,Research & Development,39,Male,Laboratory Technician,2,6782,2,5
1133,No,Research & Development,36,Male,Manufacturing Director,4,7779,3,11
1135,No,Sales,31,Male,Sales Representative,4,2791,3,2
1136,No,Research & Development,28,Male,Research Scientist,2,3201,1,5
1137,No,Sales,35,Male,Sales Executive,4,4968,3,5
1138,No,Sales,49,Male,Sales Executive,2,13120,3,9
1140,No,Research & Development,34,Male,Manufacturing Director,3,4033,2,3
1143,No,Research & Development,29,Female,Research Scientist,2,3291,2,7
1148,No,Research & Development,42,Male,Laboratory Technician,4,4272,3,1
1150,No,Research & Development,29,Male,Manufacturing Director,4,5056,2,10
1152,No,Human Resources,38,Male,Human Resources,3,2844,4,7
1154,No,Research & Development,28,Male,Research Scientist,3,2703,3,3
1156,Yes,Research & Development,18,Male,Laboratory Technician,3,1904,3,0
1157,Yes,Sales,33,Female,Sales Executive,1,8224,3,5
1158,No,Research & Development,41,Male,Laboratory Technician,4,4766,3,1
1160,Yes,Research & Development,31,Male,Laboratory Technician,3,2610,2,2
1161,No,Research & Development,37,Female,Healthcare Representative,4,5731,3,6
1162,No,Research & Development,27,Male,Research Scientist,3,2539,3,4
1163,No,Sales,34,Female,Sales Executive,3,5714,2,6
1164,No,Human Resources,35,Male,Human Resources,3,4323,1,5
1165,Yes,Sales,29,Female,Sales Executive,1,7336,1,11
1166,No,Research & Development,40,Female,Research Director,3,13499,2,18
1167,Yes,Sales,42,Male,Sales Executive,1,13758,2,21
1171,No,Sales,42,Male,Sales Executive,1,5155,4,6
1172,No,Research & Development,35,Male,Laboratory Technician,3,2258,3,8
1173,No,Research & Development,24,Male,Laboratory Technician,2,3597,3,4
1175,Yes,Research & Development,28,Female,Laboratory Technician,4,2515,2,1
1177,No,Research & Development,26,Male,Laboratory Technician,4,4420,3,8
1179,No,Sales,30,Male,Sales Executive,3,6578,3,10
1180,No,Research & Development,40,Female,Research Scientist,4,4422,1,1
1182,No,Research & Development,35,Male,Manufacturing Director,2,10274,4,7
1184,No,Research & Development,34,Male,Healthcare Representative,1,5343,3,13
1185,No,Research & Development,35,Male,Laboratory Technician,4,2376,4,2
1188,Yes,Sales,43,Female,Sales Executive,3,5346,2,4
1190,No,Sales,32,Female,Sales Representative,1,2827,3,1
1191,No,Research & Development,56,Female,Manager,1,19943,3,5
1192,No,Research & Development,29,Female,Laboratory Technician,4,3131,3,10
1193,No,Research & Development,19,Male,Research Scientist,1,2552,3,1
1195,No,Research & Development,45,Female,Research Scientist,3,4477,2,3
1196,No,Research & Development,37,Female,Manufacturing Director,4,6474,2,14
1198,No,Research & Development,20,Male,Laboratory Technician,3,3033,2,2
1200,Yes,Research & Development,44,Male,Research Scientist,3,2936,3,6
1201,No,Research & Development,53,Female,Manager,3,18606,3,7
1202,No,Research & Development,29,Female,Research Scientist,4,2168,2,5
1203,Yes,Research & Development,22,Male,Research Scientist,4,2853,3,0
1204,No,Sales,46,Female,Manager,1,17048,3,26
1206,No,Research & Development,44,Male,Research Scientist,3,2290,3,0
1207,No,Human Resources,33,Male,Human Resources,3,3600,3,5
1210,Yes,Research & Development,41,Male,Research Scientist,1,2107,1,1
1211,No,Sales,30,Male,Sales Executive,1,4115,3,4
1212,No,Sales,40,Male,Sales Executive,2,4327,3,0
1215,No,Research & Development,50,Female,Manager,1,17856,3,2
1216,No,Research & Development,28,Male,Laboratory Technician,1,3196,3,6
1217,No,Research & Development,46,Male,Research Director,2,19081,3,4
1218,No,Sales,35,Male,Sales Executive,1,8966,3,7
1219,Yes,Research & Development,24,Female,Laboratory Technician,2,2210,1,1
1220,No,Sales,33,Female,Sales Executive,3,4539,2,10
1221,No,Research & Development,36,Male,Laboratory Technician,3,2741,3,7
1224,No,Research & Development,30,Male,Laboratory Technician,3,3491,2,10
1225,No,Research & Development,44,Male,Research Scientist,4,4541,3,20
1226,No,Sales,20,Male,Sales Representative,4,2678,3,2
1228,No,Research & Development,46,Male,Manufacturing Director,4,7379,2,6
1231,No,Human Resources,42,Male,Human Resources,1,6272,4,4
1233,No,Sales,60,Male,Sales Executive,4,5220,3,11
1234,No,Research & Development,32,Female,Laboratory Technician,2,2743,3,2
1235,No,Research & Development,32,Female,Research Scientist,3,4998,3,8
1237,No,Research & Development,36,Female,Manufacturing Director,1,10252,3,7
1238,No,Research & Development,33,Male,Research Scientist,4,2781,3,14
1239,No,Sales,40,Female,Sales Executive,2,6852,4,5
1240,No,Sales,25,Male,Sales Executive,4,4950,3,4
1241,No,Research & Development,30,Male,Research Scientist,2,3579,3,11
1242,No,Research & Development,42,Female,Research Director,1,13191,3,1
1243,No,Sales,35,Female,Sales Executive,4,10377,2,13
1244,No,Research & Development,27,Male,Research Scientist,1,2235,2,9
1245,No,Research & Development,54,Female,Manufacturing Director,3,10502,1,5
1246,No,Research & Development,44,Female,Research Scientist,4,2011,3,10
1248,Yes,Research & Development,19,Female,Research Scientist,2,1859,4,1
1249,No,Research & Development,29,Female,Research Scientist,4,3760,3,3
1250,No,Research & Development,54,Male,Research Director,4,17779,3,10
1251,No,Research & Development,31,Male,Healthcare Representative,1,6833,2,6
1252,No,Research & Development,31,Female,Healthcare Representative,1,6812,3,10
1254,No,Sales,59,Female,Sales Executive,4,5171,3,6
1255,No,Research & Development,43,Male,Research Director,4,19740,3,8
1256,No,Research & Development,49,Male,Manager,3,18711,4,1
1257,No,Research & Development,36,Male,Research Scientist,2,3692,2,11
1258,No,Research & Development,48,Male,Laboratory Technician,2,2559,2,1
1259,No,Research & Development,27,Male,Research Scientist,3,2517,3,5
1260,No,Research & Development,29,Male,Healthcare Representative,4,6623,3,6
1263,No,Research & Development,48,Male,Research Director,4,18265,4,1
1264,No,Research & Development,29,Female,Research Director,4,16124,2,7
1265,No,Research & Development,34,Female,Research Scientist,3,2585,2,1
1267,No,Sales,44,Male,Manager,2,18213,3,22
1268,No,Sales,33,Male,Sales Executive,3,8380,3,9
1269,No,Research & Development,19,Female,Research Scientist,4,2994,3,1
1270,No,Research & Development,23,Male,Research Scientist,3,1223,3,1
1273,Yes,Sales,25,Male,Sales Representative,4,1118,3,1
1275,No,Research & Development,26,Male,Research Scientist,4,2875,2,8
1277,Yes,Sales,45,Female,Manager,2,18824,3,24
1278,No,Research & Development,55,Male,Healthcare Representative,2,13577,3,33
1279,Yes,Research & Development,21,Female,Laboratory Technician,3,2625,1,2
1280,No,Sales,46,Female,Manager,2,18789,3,11
1281,No,Sales,34,Female,Sales Executive,1,4538,3,3
1282,No,Sales,51,Male,Manager,2,19847,2,29
1283,No,Research & Development,59,Male,Manufacturing Director,4,10512,2,9
1285,No,Research & Development,34,Female,Laboratory Technician,2,4444,4,11
1286,No,Research & Development,28,Male,Laboratory Technician,3,2154,2,4
1288,No,Research & Development,44,Male,Manager,1,19190,2,25
1289,No,Human Resources,34,Male,Human Resources,2,4490,4,10
1291,No,Research & Development,35,Male,Research Scientist,3,3506,3,3
1292,No,Research & Development,42,Female,Research Scientist,2,2372,3,1
1293,No,Sales,43,Female,Sales Executive,4,10231,4,21
1294,No,Research & Development,36,Female,Manufacturing Director,2,5410,3,16
1295,Yes,Research & Development,44,Female,Healthcare Representative,4,7978,3,10
1296,No,Research & Development,28,Male,Laboratory Technician,4,3867,3,2
1297,No,Research & Development,51,Female,Laboratory Technician,3,2838,2,7
1298,No,Research & Development,30,Female,Manufacturing Director,3,4695,3,8
1299,Yes,Research & Development,29,Female,Laboratory Technician,3,3339,3,7
1301,No,Research & Development,28,Male,Research Scientist,1,2080,2,3
1303,No,Research & Development,25,Female,Research Scientist,2,2096,2,2
1304,No,Sales,32,Male,Sales Executive,4,6209,4,10
1306,No,Research & Development,45,Female,Manager,2,18061,3,0
1307,No,Research & Development,39,Female,Manager,2,17123,3,19
1308,No,Research & Development,58,Male,Research Scientist,3,2372,3,2
1309,Yes,Research & Development,32,Male,Laboratory Technician,3,4883,3,10
1310,Yes,Research & Development,39,Male,Research Scientist,1,3904,3,5
1311,No,Research & Development,30,Female,Laboratory Technician,4,4627,3,9
1312,No,Research & Development,36,Female,Healthcare Representative,3,7094,3,7
1314,No,Human Resources,46,Female,Human Resources,1,3423,4,7
1315,No,Research & Development,28,Female,Laboratory Technician,4,6674,3,9
1317,No,Research & Development,50,Female,Research Director,1,16880,3,3
1318,Yes,Sales,40,Male,Sales Executive,2,9094,3,5
1319,Yes,Sales,52,Male,Sales Executive,2,8446,2,8
1321,No,Research & Development,30,Female,Manager,1,11916,3,9
1322,No,Research & Development,39,Male,Manufacturing Director,3,4534,3,8
1324,No,Sales,31,Female,Sales Executive,3,9852,2,10
1329,No,Sales,41,Male,Sales Executive,2,6151,3,19
1331,Yes,Sales,31,Female,Sales Representative,2,2302,4,3
1333,Yes,Research & Development,44,Male,Laboratory Technician,1,2362,4,3
1334,No,Research & Development,42,Male,Manager,3,17861,2,20
1336,No,Research & Development,55,Female,Manager,3,19187,3,19
1338,No,Human Resources,56,Male,Manager,2,19717,3,7
1340,No,Research & Development,40,Male,Research Scientist,3,3544,3,4
1344,No,Research & Development,34,Male,Healthcare Representative,4,8500,2,9
1346,No,Research & Development,40,Male,Research Scientist,4,4661,3,9
1349,No,Sales,41,Female,Sales Executive,1,4103,3,9
1350,No,Research & Development,35,Male,Research Scientist,3,4249,3,9
1352,No,Human Resources,51,Male,Manager,2,14026,3,33
1355,No,Sales,38,Female,Sales Executive,1,6893,3,7
1356,No,Sales,34,Female,Sales Executive,1,6125,4,10
1358,No,Research & Development,25,Male,Laboratory Technician,4,3669,2,3
1360,Yes,Research & Development,58,Female,Manufacturing Director,1,10008,2,10
1361,No,Research & Development,40,Male,Laboratory Technician,2,2387,3,4
1362,No,Sales,36,Female,Sales Executive,1,4639,2,15
1363,No,Research & Development,48,Male,Manufacturing Director,4,7898,3,10
1364,No,Sales,27,Female,Sales Representative,4,2534,3,1
1367,No,Research & Development,51,Female,Manufacturing Director,2,13142,2,5
1368,No,Research & Development,18,Female,Laboratory Technician,4,1611,4,0
1369,No,Research & Development,35,Female,Laboratory Technician,4,5363,3,9
1371,No,Sales,27,Male,Sales Executive,4,5071,3,6
1372,Yes,Sales,55,Male,Sales Executive,3,13695,2,19
1373,No,Research & Development,56,Male,Manufacturing Director,2,13402,3,19
1374,No,Research & Development,34,Female,Research Scientist,3,2029,3,5
1375,No,Research & Development,40,Female,Healthcare Representative,3,6377,3,12
1377,No,Research & Development,34,Male,Laboratory Technician,3,5429,3,8
1379,Yes,Sales,31,Female,Sales Representative,4,2785,4,1
1380,Yes,Sales,35,Female,Sales Executive,3,4614,2,4
1382,No,Research & Development,38,Male,Research Scientist,3,2610,3,4
1383,No,Research & Development,34,Female,Healthcare Representative,4,6687,4,14
1387,No,Sales,28,Male,Sales Executive,1,4724,3,5
1389,Yes,Research & Development,31,Male,Manufacturing Director,3,6179,2,10
1390,No,Sales,39,Male,Sales Executive,4,6120,4,5
1391,No,Sales,51,Male,Sales Executive,2,10596,3,4
1392,No,Research & Development,41,Female,Research Scientist,4,5467,2,6
1394,No,Research & Development,37,Male,Research Scientist,3,2996,3,6
1395,No,Sales,33,Male,Sales Executive,4,9998,4,5
1396,No,Sales,32,Male,Sales Executive,2,4078,2,3
1397,No,Research & Development,39,Male,Healthcare Representative,3,10920,3,6
1399,No,Sales,25,Male,Sales Executive,3,6232,2,3
1401,No,Research & Development,52,Female,Manufacturing Director,3,13247,2,5
1402,No,Research & Development,43,Female,Research Scientist,3,4081,1,20
1403,No,Sales,27,Female,Sales Executive,4,5769,3,6
1405,Yes,Research & Development,27,Female,Research Scientist,3,2394,3,8
1407,No,Research & Development,26,Male,Research Scientist,4,3904,3,4
1408,No,Human Resources,42,Female,Manager,1,16799,3,20
1409,No,Research & Development,52,Female,Laboratory Technician,1,2950,1,5
1411,No,Research & Development,37,Female,Laboratory Technician,3,3629,3,3
1412,No,Research & Development,35,Male,Manufacturing Director,4,9362,3,2
1415,No,Research & Development,25,Male,Laboratory Technician,4,3229,2,3
1417,No,Research & Development,26,Male,Laboratory Technician,1,3578,3,7
1419,No,Human Resources,29,Male,Human Resources,1,7988,2,10
1420,Yes,Research & Development,49,Male,Laboratory Technician,1,4284,3,4
1421,Yes,Research & Development,29,Female,Healthcare Representative,4,7553,3,8
1422,No,Research & Development,54,Female,Research Director,4,17328,2,20
1423,No,Research & Development,58,Female,Research Director,1,19701,3,9
1424,No,Research & Development,55,Male,Research Director,4,14732,4,7
1425,No,Sales,36,Female,Sales Executive,2,9278,3,5
1427,Yes,Sales,31,Female,Sales Representative,3,1359,3,1
1428,No,Sales,30,Female,Sales Executive,1,4779,3,3
1430,No,Research & Development,31,Female,Research Director,2,16422,4,3
1431,No,Research & Development,34,Male,Research Scientist,1,2996,3,4
1433,Yes,Research & Development,31,Female,Research Scientist,2,1261,4,1
1434,No,Research & Development,27,Male,Laboratory Technician,1,2099,4,5
1435,No,Research & Development,36,Male,Laboratory Technician,4,5810,2,10
1436,No,Sales,36,Female,Sales Executive,1,5647,2,3
1438,No,Research & Development,47,Male,Research Scientist,4,3420,2,6
1439,Yes,Sales,25,Male,Sales Representative,1,4400,3,3
1440,No,Research & Development,37,Male,Laboratory Technician,3,3500,1,6
1441,No,Research & Development,56,Female,Research Scientist,1,2066,4,3
1443,No,Research & Development,47,Female,Research Director,3,17169,4,20
1445,No,Sales,24,Female,Sales Executive,3,4162,3,5
1446,No,Sales,32,Male,Sales Executive,4,9204,2,4
1447,No,Research & Development,34,Female,Laboratory Technician,2,3294,2,5
1448,No,Research & Development,41,Male,Research Scientist,3,2127,2,4
1449,No,Research & Development,40,Male,Laboratory Technician,3,3975,4,8
1453,No,Sales,31,Male,Sales Executive,4,10793,3,13
1457,Yes,Sales,46,Male,Sales Executive,4,10096,4,7
1458,Yes,Research & Development,39,Female,Laboratory Technician,1,3646,4,1
1459,Yes,Research & Development,31,Female,Manufacturing Director,2,7446,3,10
1460,No,Research & Development,45,Male,Healthcare Representative,1,10851,3,7
1461,No,Human Resources,31,Female,Human Resources,2,2109,3,3
1464,Yes,Research & Development,31,Male,Laboratory Technician,4,3722,1,2
1465,No,Research & Development,45,Male,Manufacturing Director,4,9380,4,3
1466,No,Sales,48,Male,Sales Executive,1,5486,3,2
1467,Yes,Human Resources,34,Female,Human Resources,3,2742,3,2
1468,No,Research & Development,40,Male,Research Director,2,13757,3,9
1469,No,Sales,28,Male,Sales Executive,1,8463,3,5
1471,No,Research & Development,44,Male,Laboratory Technician,3,3162,3,5
1472,No,Research & Development,53,Male,Research Director,2,16598,2,9
1473,No,Research & Development,49,Male,Healthcare Representative,3,6651,2,3
1474,No,Research & Development,40,Male,Research Scientist,3,2345,4,3
1475,No,Research & Development,44,Male,Research Scientist,2,3420,2,5
1477,No,Sales,33,Male,Sales Executive,1,4373,3,4
1478,No,Sales,34,Male,Sales Executive,1,4759,3,13
1479,No,Sales,30,Male,Sales Executive,3,5301,2,2
1480,No,Research & Development,42,Female,Laboratory Technician,4,3673,3,12
1481,No,Sales,44,Female,Sales Executive,3,4768,2,1
1482,No,Research & Development,30,Male,Research Scientist,3,1274,2,1
1483,No,Research & Development,57,Male,Research Scientist,3,4900,2,12
1484,No,Research & Development,49,Male,Healthcare Representative,2,10466,3,8
1485,No,Research & Development,34,Male,Research Director,1,17007,2,14
1486,Yes,Sales,28,Male,Sales Representative,3,2909,4,3
1487,Yes,Sales,29,Female,Sales Executive,2,5765,1,5
1489,Yes,Sales,34,Female,Sales Executive,2,4599,4,15
1492,No,Sales,35,Male,Sales Representative,3,2404,3,1
1494,Yes,Research & Development,24,Male,Laboratory Technician,1,3172,2,0
1495,No,Sales,24,Female,Sales Representative,2,2033,3,1
1496,No,Research & Development,44,Male,Manufacturing Director,3,10209,2,2
1497,No,Sales,29,Male,Sales Executive,3,8620,3,10
1499,No,Human Resources,30,Male,Human Resources,3,2064,4,5
1501,No,Research & Development,55,Male,Healthcare Representative,3,4035,3,3
1502,No,Research & Development,33,Female,Laboratory Technician,2,3838,3,5
1503,No,Sales,47,Female,Sales Executive,3,4591,2,5
1504,Yes,Research & Development,28,Male,Laboratory Technician,1,2561,2,0
1506,No,Research & Development,28,Male,Research Scientist,3,1563,1,1
1507,No,Sales,28,Male,Sales Executive,1,4898,3,4
1509,No,Research & Development,49,Female,Laboratory Technician,1,4789,3,3
1513,No,Research & Development,29,Female,Laboratory Technician,2,3180,3,3
1514,No,Research & Development,28,Male,Manufacturing Director,2,6549,2,8
1515,No,Research & Development,33,Male,Healthcare Representative,3,6388,3,0
1516,No,Research & Development,32,Male,Manager,4,11244,4,5
1520,No,Research & Development,54,Female,Manager,4,16032,3,14
1522,Yes,Research & Development,29,Male,Research Scientist,1,2362,1,9
1523,No,Research & Development,44,Male,Research Director,1,16328,4,20
1525,No,Research & Development,39,Female,Manufacturing Director,2,8376,3,2
1527,No,Sales,46,Female,Manager,2,16606,4,13
1529,No,Research & Development,35,Female,Healthcare Representative,2,8606,1,11
1533,No,Research & Development,23,Male,Laboratory Technician,3,2272,3,4
1534,Yes,Research & Development,40,Male,Laboratory Technician,1,2018,1,5
1535,No,Sales,34,Male,Sales Executive,3,7083,3,10
1537,Yes,Research & Development,31,Female,Research Scientist,3,4084,1,7
1539,No,Research & Development,50,Male,Research Director,4,14411,3,32
1541,No,Sales,34,Male,Sales Representative,3,2308,3,11
1542,No,Research & Development,42,Male,Laboratory Technician,2,4841,3,1
1543,No,Research & Development,37,Male,Research Scientist,4,4285,3,10
1544,No,Research & Development,29,Female,Healthcare Representative,1,9715,3,7
1545,No,Research & Development,33,Male,Manufacturing Director,2,4320,3,5
1546,No,Research & Development,45,Male,Research Scientist,4,2132,3,5
1547,No,Research & Development,42,Male,Healthcare Representative,4,10124,1,20
1548,No,Sales,40,Male,Sales Executive,1,5473,4,8
1549,No,Research & Development,33,Male,Laboratory Technician,3,5207,3,15
1550,No,Human Resources,40,Male,Manager,4,16437,3,21
1551,No,Research & Development,24,Male,Laboratory Technician,1,2296,3,1
1552,No,Research & Development,40,Male,Healthcare Representative,4,4069,3,2
1553,No,Research & Development,45,Male,Healthcare Representative,2,7441,3,10
1554,No,Sales,35,Female,Sales Representative,3,2430,3,5
1555,No,Research & Development,32,Female,Research Scientist,2,5878,3,7
1556,No,Sales,36,Male,Sales Representative,4,2644,2,3
1557,No,Sales,48,Female,Sales Executive,3,6439,3,8
1558,No,Research & Development,29,Male,Research Scientist,3,2451,2,1
1560,No,Sales,33,Male,Sales Executive,1,6392,1,2
1562,Yes,Sales,30,Male,Sales Executive,1,9714,3,10
1563,No,Human Resources,38,Male,Human Resources,3,6077,3,6
1564,No,Research & Development,35,Male,Laboratory Technician,1,2450,3,3
1568,No,Sales,30,Male,Sales Executive,2,9250,3,4
1569,Yes,Research & Development,35,Female,Laboratory Technician,1,2074,3,1
1572,Yes,Research & Development,53,Female,Manufacturing Director,4,10169,3,33
1573,Yes,Research & Development,38,Male,Manufacturing Director,2,4855,3,5
1574,No,Research & Development,32,Male,Research Scientist,1,4087,2,6
1576,No,Research & Development,48,Female,Research Scientist,1,2367,2,8
1577,No,Research & Development,34,Male,Research Scientist,4,2972,1,1
1578,No,Sales,55,Male,Manager,4,19586,3,36
1580,No,Research & Development,34,Male,Research Scientist,4,5484,2,2
1581,No,Research & Development,26,Female,Research Scientist,4,2061,3,1
1582,No,Sales,38,Male,Sales Executive,2,9924,3,9
1583,No,Sales,38,Female,Sales Executive,2,4198,4,3
1585,No,Sales,36,Female,Sales Executive,3,6815,3,1
1586,No,Research & Development,29,Male,Laboratory Technician,1,4723,3,10
1587,No,Research & Development,35,Female,Healthcare Representative,3,6142,3,5
1588,No,Sales,39,Male,Sales Executive,3,8237,3,7
1590,No,Research & Development,29,Male,Healthcare Representative,4,8853,4,6
1591,No,Sales,50,Male,Manager,3,19331,3,1
1592,No,Research & Development,23,Male,Research Scientist,3,2073,3,2
1594,No,Research & Development,36,Male,Laboratory Technician,1,5562,3,3
1595,No,Research & Development,42,Male,Manager,4,19613,3,1
1596,No,Research & Development,35,Male,Laboratory Technician,3,3407,2,10
1597,No,Research & Development,34,Male,Healthcare Representative,3,5063,2,8
1598,No,Sales,40,Female,Sales Executive,1,4639,3,5
1599,No,Research & Development,43,Male,Laboratory Technician,2,4876,3,6
1601,No,Research & Development,35,Male,Laboratory Technician,4,2690,2,1
1602,No,Sales,46,Male,Manager,1,17567,1,26
1604,Yes,Research & Development,28,Male,Laboratory Technician,2,2408,3,1
1605,No,Research & Development,22,Female,Research Scientist,3,2814,2,4
1606,No,Research & Development,50,Male,Healthcare Representative,3,11245,3,30
1607,No,Research & Development,32,Female,Research Scientist,4,3312,3,3
1608,No,Research & Development,44,Female,Research Director,4,19049,2,22
1609,No,Research & Development,30,Male,Research Scientist,2,2141,2,6
1611,No,Research & Development,45,Female,Laboratory Technician,1,5769,3,10
1612,No,Sales,45,Male,Sales Executive,1,4385,3,10
1613,No,Sales,31,Male,Sales Executive,1,5332,3,5
1614,No,Research & Development,36,Female,Manufacturing Director,3,4663,3,3
1615,No,Research & Development,34,Male,Manufacturing Director,4,4724,3,9
1617,No,Research & Development,49,Female,Laboratory Technician,1,3211,2,9
1618,No,Research & Development,39,Male,Manufacturing Director,1,5377,3,7
1619,No,Research & Development,27,Male,Laboratory Technician,1,4066,3,7
1621,No,Research & Development,35,Male,Research Scientist,1,5208,3,16
1622,No,Research & Development,28,Female,Manufacturing Director,1,4877,2,5
1623,No,Research & Development,21,Male,Research Scientist,4,3117,3,2
1624,Yes,Sales,18,Female,Sales Representative,4,1569,4,0
1625,No,Human Resources,47,Female,Manager,3,19658,3,5
1627,No,Research & Development,39,Male,Laboratory Technician,3,3069,3,10
1628,No,Research & Development,40,Female,Manufacturing Director,3,10435,3,18
1630,No,Research & Development,35,Female,Healthcare Representative,3,4148,3,14
1631,No,Research & Development,37,Male,Manufacturing Director,3,5768,2,4
1633,No,Research & Development,39,Female,Manufacturing Director,3,5042,1,9
1635,No,Research & Development,45,Female,Manufacturing Director,4,5770,3,10
1638,No,Research & Development,38,Female,Manufacturing Director,3,7756,4,5
1639,Yes,Sales,35,Male,Sales Executive,1,10306,3,13
1640,No,Research & Development,37,Female,Research Scientist,2,3936,1,8
1641,No,Research & Development,40,Female,Manufacturing Director,4,7945,2,4
1642,No,Human Resources,44,Male,Human Resources,4,5743,3,10
1644,No,Research & Development,48,Male,Manager,4,15202,3,2
1645,Yes,Sales,35,Male,Sales Executive,4,5440,2,2
1646,No,Research & Development,24,Female,Research Scientist,4,3760,3,6
1647,No,Research & Development,27,Female,Research Scientist,3,3517,3,3
1648,No,Research & Development,27,Male,Research Scientist,4,2580,2,4
1649,Yes,Research & Development,40,Male,Laboratory Technician,1,2166,1,4
1650,No,Sales,29,Male,Sales Executive,3,5869,3,5
1651,No,Research & Development,36,Female,Healthcare Representative,1,8008,3,3
1653,No,Research & Development,25,Male,Manufacturing Director,3,5206,3,7
1654,No,Research & Development,39,Male,Manufacturing Director,2,5295,3,5
1655,No,Research & Development,49,Female,Research Director,2,16413,3,4
1656,No,Research & Development,50,Female,Research Director,1,13269,3,14
1657,No,Sales,20,Female,Sales Representative,3,2783,3,2
1658,No,Research & Development,34,Female,Research Scientist,2,5433,3,11
1659,No,Research & Development,36,Male,Laboratory Technician,2,2013,3,4
1661,No,Research & Development,49,Female,Healthcare Representative,3,13966,3,15
1662,No,Research & Development,36,Female,Manufacturing Director,3,4374,3,3
1664,No,Research & Development,36,Male,Healthcare Representative,1,6842,3,5
1665,No,Research & Development,54,Female,Manager,3,17426,3,10
1666,No,Research & Development,43,Male,Research Director,3,17603,3,14
1667,Yes,Sales,35,Male,Sales Executive,4,4581,4,11
1668,No,Research & Development,38,Male,Research Scientist,4,4735,4,13
1669,No,Sales,29,Male,Sales Executive,2,4187,2,10
1670,No,Sales,33,Male,Sales Executive,4,5505,3,6
1671,No,Research & Development,32,Male,Research Scientist,2,5470,2,9
1673,No,Sales,31,Female,Sales Executive,4,5476,3,10
1674,No,Research & Development,49,Female,Laboratory Technician,1,2587,2,2
1675,No,Research & Development,38,Female,Laboratory Technician,2,2440,3,4
1676,No,Sales,47,Female,Manager,2,15972,3,3
1677,No,Research & Development,49,Male,Manager,3,15379,3,8
1678,No,Sales,41,Male,Sales Executive,3,7082,3,2
1680,No,Sales,20,Male,Sales Representative,1,2728,3,2
1681,No,Sales,33,Female,Sales Executive,4,5368,3,6
1682,No,Research & Development,36,Male,Healthcare Representative,3,5347,2,3
1683,No,Human Resources,44,Female,Human Resources,4,3195,3,2
1684,Yes,Research & Development,23,Male,Laboratory Technician,3,3989,3,5
1687,No,Research & Development,38,Female,Laboratory Technician,3,3306,2,0
1689,No,Research & Development,53,Male,Healthcare Representative,4,7005,3,4
1691,Yes,Sales,48,Female,Sales Representative,3,2655,3,9
1692,Yes,Research & Development,32,Male,Laboratory Technician,2,1393,3,1
1693,No,Research & Development,26,Male,Laboratory Technician,4,2570,3,7
1694,No,Research & Development,55,Male,Research Scientist,2,3537,3,4
1696,No,Research & Development,34,Male,Laboratory Technician,4,3986,4,15
1697,No,Research & Development,60,Male,Healthcare Representative,4,10883,4,1
1698,No,Research & Development,33,Male,Laboratory Technician,2,2028,3,14
1700,No,Sales,37,Male,Sales Executive,4,9525,2,6
1701,No,Research & Development,34,Female,Research Scientist,4,2929,3,10
1702,Yes,Sales,23,Male,Sales Representative,4,2275,3,3
1703,No,Research & Development,44,Female,Healthcare Representative,4,7879,3,8
1704,No,Research & Development,35,Male,Research Scientist,4,4930,4,5
1706,No,Sales,43,Male,Sales Executive,4,7847,3,10
1707,No,Research & Development,24,Male,Research Scientist,3,4401,3,5
1708,No,Sales,41,Male,Sales Executive,3,9241,3,10
1709,No,Research & Development,29,Female,Laboratory Technician,3,2974,3,5
1710,No,Sales,36,Female,Sales Representative,4,4502,2,13
1712,No,Research & Development,45,Male,Healthcare Representative,3,10748,2,23
1714,Yes,Human Resources,24,Male,Human Resources,3,1555,3,1
1716,Yes,Sales,47,Male,Sales Executive,3,12936,1,23
1718,No,Research & Development,26,Male,Laboratory Technician,3,2305,4,3
1719,No,Research & Development,45,Female,Research Director,2,16704,3,21
1720,No,Research & Development,32,Male,Research Scientist,3,3433,2,5
1721,No,Research & Development,31,Male,Laboratory Technician,3,3477,4,5
1722,No,Human Resources,41,Male,Human Resources,2,6430,3,3
1724,No,Research & Development,40,Female,Manufacturing Director,1,6516,3,1
1725,No,Research & Development,24,Male,Laboratory Technician,1,3907,4,6
1727,No,Research & Development,46,Male,Healthcare Representative,2,5562,3,10
1728,No,Research & Development,35,Male,Manufacturing Director,3,6883,3,7
1729,No,Research & Development,30,Male,Research Scientist,4,2862,2,10
1731,No,Sales,47,Male,Sales Executive,2,4978,1,1
1732,No,Sales,46,Male,Sales Executive,4,10368,2,10
1733,Yes,Sales,36,Male,Sales Executive,1,6134,3,2
1734,Yes,Sales,32,Male,Sales Executive,2,6735,3,0
1735,No,Research & Development,23,Female,Laboratory Technician,2,3295,1,3
1736,No,Research & Development,31,Female,Manufacturing Director,4,5238,2,5
1737,No,Research & Development,39,Male,Laboratory Technician,4,6472,3,9
1739,No,Sales,32,Male,Sales Executive,3,9610,1,4
1740,No,Sales,40,Male,Manager,2,19833,2,21
1744,No,Human Resources,45,Female,Human Resources,3,9756,4,5
1745,No,Research & Development,30,Female,Research Scientist,1,4968,3,9
1746,No,Human Resources,24,Male,Human Resources,4,2145,3,2
1747,Yes,Human Resources,30,Female,Human Resources,4,2180,2,4
1749,No,Sales,31,Male,Sales Executive,3,8346,3,5
1751,No,Research & Development,27,Female,Research Scientist,4,3445,2,6
1752,Yes,Sales,29,Female,Sales Representative,2,2760,3,2
1753,No,Research & Development,29,Male,Healthcare Representative,3,6294,4,3
1754,No,Sales,30,Male,Sales Executive,1,7140,3,7
1755,No,Research & Development,34,Male,Research Scientist,4,2932,3,5
1756,No,Sales,33,Female,Sales Executive,2,5147,2,11
1757,No,Sales,49,Female,Sales Executive,4,4507,4,5
1758,Yes,Sales,33,Female,Sales Executive,1,8564,2,0
1760,No,Research & Development,38,Female,Laboratory Technician,2,2468,2,6
1761,Yes,Sales,31,Male,Sales Executive,3,8161,3,1
1762,No,Research & Development,29,Female,Research Scientist,1,2109,3,1
1763,No,Research & Development,30,Male,Healthcare Representative,3,5294,3,7
1764,No,Research & Development,32,Male,Research Scientist,2,2718,3,7
1766,No,Research & Development,38,Male,Healthcare Representative,4,5811,3,1
1767,Yes,Research & Development,43,Male,Research Scientist,3,2437,3,1
1768,No,Research & Development,42,Male,Laboratory Technician,2,2766,2,5
1770,No,Research & Development,55,Male,Research Director,1,19038,3,1
1771,No,Research & Development,33,Male,Research Scientist,2,3055,2,9
1772,No,Research & Development,41,Male,Laboratory Technician,1,2289,3,5
1774,No,Sales,34,Male,Sales Executive,3,4001,3,15
1775,No,Research & Development,53,Female,Manufacturing Director,3,12965,2,3
1778,No,Human Resources,43,Male,Human Resources,4,3539,3,9
1779,No,Sales,34,Female,Sales Executive,4,6029,3,2
1780,Yes,Sales,21,Male,Sales Representative,2,2679,3,1
1782,No,Research & Development,38,Female,Laboratory Technician,3,3702,3,5
1783,Yes,Research & Development,22,Female,Laboratory Technician,1,2398,3,1
1784,No,Sales,31,Female,Sales Executive,4,5468,3,12
1786,No,Research & Development,51,Female,Manager,3,13116,3,2
1787,No,Sales,37,Male,Sales Executive,2,4189,3,5
1789,No,Research & Development,46,Male,Research Director,4,19328,3,2
1790,No,Research & Development,36,Male,Healthcare Representative,1,8321,3,12
1792,Yes,Research & Development,44,Male,Research Scientist,2,2342,2,5
1794,No,Human Resources,37,Male,Human Resources,2,4071,2,10
1797,Yes,Sales,35,Male,Sales Executive,4,5813,3,10
1798,No,Research & Development,33,Male,Research Scientist,1,3143,3,10
1799,No,Research & Development,28,Male,Research Scientist,4,2044,4,5
1800,No,Research & Development,39,Male,Research Director,3,13464,3,4
1801,No,Sales,46,Male,Sales Executive,2,7991,3,2
1802,No,Research & Development,40,Female,Laboratory Technician,1,3377,2,4
1803,No,Research & Development,42,Male,Healthcare Representative,1,5538,2,0
1804,No,Research & Development,35,Male,Manufacturing Director,4,5762,3,7
1805,No,Human Resources,38,Male,Human Resources,2,2592,3,11
1807,Yes,Research & Development,34,Male,Laboratory Technician,1,5346,2,7
1809,Yes,Research & Development,37,Male,Manufacturing Director,1,4213,1,10
1812,No,Sales,39,Male,Sales Executive,4,4127,3,2
1813,No,Research & Development,43,Male,Research Scientist,3,2438,2,3
1814,No,Research & Development,41,Male,Healthcare Representative,2,6870,1,3
1815,No,Sales,41,Female,Sales Executive,3,10447,4,22
1816,No,Research & Development,30,Female,Manufacturing Director,3,9667,3,7
1818,Yes,Human Resources,26,Female,Human Resources,2,2148,3,5
1821,Yes,Research & Development,46,Female,Healthcare Representative,2,8926,4,9
1822,No,Research & Development,40,Female,Healthcare Representative,4,6513,3,5
1823,No,Sales,34,Male,Sales Executive,3,6799,3,10
1824,No,Sales,58,Male,Manager,2,16291,2,16
1826,No,Research & Development,35,Male,Laboratory Technician,3,2705,4,5
1827,No,Research & Development,47,Female,Manufacturing Director,2,10333,3,22
1829,No,Research & Development,40,Female,Healthcare Representative,1,4448,3,7
1830,No,Research & Development,54,Female,Research Scientist,4,6854,2,7
1833,No,Sales,31,Female,Sales Executive,1,9637,3,3
1834,No,Research & Development,28,Female,Research Scientist,1,3591,3,3
1835,No,Sales,38,Female,Sales Representative,4,5405,2,4
1836,No,Sales,26,Male,Sales Executive,4,4684,3,5
1837,No,Research & Development,58,Male,Research Director,3,15787,3,2
1839,No,Research & Development,18,Female,Research Scientist,3,1514,1,0
1842,Yes,Human Resources,31,Male,Human Resources,1,2956,3,1
1844,Yes,Human Resources,29,Male,Human Resources,1,2335,3,2
1845,No,Sales,45,Female,Sales Executive,3,5154,4,8
1847,No,Research & Development,36,Female,Research Scientist,2,6962,3,1
1849,No,Sales,43,Male,Sales Executive,4,5675,3,7
1850,No,Research & Development,27,Female,Laboratory Technician,4,2379,2,5
1852,No,Research & Development,29,Male,Laboratory Technician,4,3812,4,11
1853,No,Sales,32,Male,Sales Executive,4,4648,4,0
1854,No,Research & Development,42,Male,Research Scientist,3,2936,2,6
1856,No,Research & Development,47,Female,Laboratory Technician,3,2105,3,2
1857,No,Research & Development,46,Male,Manufacturing Director,4,8578,2,9
1858,No,Human Resources,28,Male,Human Resources,4,2706,3,3
1859,No,Research & Development,29,Male,Healthcare Representative,3,6384,3,7
1860,No,Research & Development,42,Male,Laboratory Technician,3,3968,3,0
1862,Yes,Sales,32,Male,Sales Executive,2,9907,2,2
1863,No,Sales,46,Female,Sales Executive,1,13225,3,19
1864,No,Sales,27,Female,Sales Representative,3,3540,3,9
1865,No,Human Resources,29,Male,Human Resources,2,2804,3,1
1866,No,Research & Development,43,Female,Manager,3,19392,3,16
1867,No,Research & Development,48,Male,Research Director,2,19665,3,22
1868,Yes,Research & Development,29,Male,Research Scientist,4,2439,2,1
1869,Yes,Sales,46,Female,Sales Executive,2,7314,3,8
1870,No,Research & Development,27,Female,Research Scientist,1,4774,2,7
1871,No,Research & Development,39,Male,Research Scientist,4,3902,3,2
1873,No,Research & Development,55,Male,Research Scientist,4,2662,4,5
1875,No,Sales,28,Female,Sales Representative,2,2856,3,1
1876,Yes,Sales,30,Male,Sales Representative,4,1081,2,1
1878,Yes,Research & Development,22,Male,Research Scientist,2,2472,3,1
1880,No,Sales,36,Female,Sales Executive,3,5673,3,10
1881,No,Research & Development,31,Male,Laboratory Technician,3,4197,3,10
1882,No,Sales,34,Male,Sales Executive,4,9713,3,5
1883,No,Research & Development,29,Male,Laboratory Technician,1,2062,3,3
1885,No,Research & Development,37,Male,Research Scientist,1,4284,3,5
1886,No,Research & Development,35,Female,Manufacturing Director,2,4788,3,3
1888,No,Research & Development,45,Female,Manufacturing Director,4,5906,2,9
1890,No,Human Resources,36,Male,Human Resources,4,3886,2,10
1892,No,Research & Development,40,Male,Manager,1,16823,3,19
1893,No,Research & Development,26,Female,Research Scientist,3,2933,2,1
1898,No,Sales,27,Female,Sales Executive,3,6500,2,8
1900,No,Research & Development,48,Female,Manager,4,17174,3,22
1903,No,Research & Development,44,Male,Healthcare Representative,1,5033,3,2
1905,Yes,Research & Development,34,Male,Research Scientist,1,2307,3,5
1907,Yes,Research & Development,56,Male,Laboratory Technician,4,2587,3,4
1908,No,Sales,36,Male,Sales Executive,2,5507,1,4
1909,No,Sales,41,Female,Sales Executive,2,4393,3,5
1911,No,Research & Development,42,Male,Research Director,1,13348,4,13
1912,No,Sales,31,Female,Sales Executive,4,6583,3,5
1915,No,Sales,34,Female,Sales Executive,4,8103,2,4
1916,No,Research & Development,31,Female,Laboratory Technician,3,3978,2,2
1918,No,Research & Development,26,Male,Laboratory Technician,4,2544,3,7
1922,No,Research & Development,45,Male,Healthcare Representative,3,5399,3,4
1924,No,Sales,33,Male,Sales Executive,3,5487,2,10
1927,No,Sales,28,Male,Sales Executive,4,6834,3,7
1928,Yes,Sales,29,Male,Sales Representative,1,1091,3,1
1929,No,Sales,39,Female,Sales Executive,3,5736,3,3
1931,No,Research & Development,27,Male,Research Scientist,2,2226,2,5
1932,No,Research & Development,34,Male,Research Scientist,4,5747,3,15
1933,Yes,Sales,28,Female,Sales Executive,3,9854,3,2
1934,No,Research & Development,47,Male,Research Scientist,2,5467,4,8
1935,No,Sales,56,Female,Sales Executive,1,5380,3,0
1936,No,Research & Development,39,Male,Manufacturing Director,1,5151,3,10
1937,No,Research & Development,38,Female,Research Scientist,2,2133,3,20
1938,No,Sales,58,Female,Manager,4,17875,2,1
1939,Yes,Research & Development,32,Female,Research Scientist,3,2432,3,4
1940,No,Research & Development,38,Male,Research Scientist,4,4771,4,5
1941,No,Research & Development,49,Male,Research Director,4,19161,3,5
1943,No,Sales,42,Male,Sales Executive,4,5087,3,0
1944,Yes,Human Resources,27,Female,Human Resources,2,2863,3,1
1945,No,Sales,35,Male,Sales Executive,1,5561,1,5
1947,No,Research & Development,28,Male,Research Scientist,3,2144,2,5
1948,No,Research & Development,31,Male,Research Scientist,1,3065,4,4
1949,No,Research & Development,36,Male,Laboratory Technician,2,2810,3,5
1950,No,Sales,34,Male,Sales Executive,4,9888,2,14
1951,No,Sales,34,Male,Sales Executive,3,8628,2,8
1952,No,Research & Development,26,Male,Laboratory Technician,1,2867,2,7
1954,No,Research & Development,29,Male,Healthcare Representative,1,5373,2,5
1955,No,Research & Development,32,Female,Healthcare Representative,4,6667,3,5
1956,No,Research & Development,31,Male,Research Scientist,1,5003,3,10
1960,Yes,Research & Development,28,Male,Laboratory Technician,4,2367,2,4
1961,No,Sales,38,Male,Sales Representative,1,2858,2,1
1962,No,Sales,35,Female,Sales Executive,4,5204,3,10
1965,No,Sales,27,Male,Sales Executive,4,4105,3,7
1966,No,Research & Development,32,Male,Manufacturing Director,4,9679,3,1
1967,Yes,Sales,31,Male,Sales Executive,4,5617,3,10
1968,Yes,Sales,53,Male,Sales Executive,1,10448,2,2
1969,No,Research & Development,54,Female,Research Scientist,3,2897,2,4
1970,No,Research & Development,33,Male,Healthcare Representative,3,5968,3,9
1971,No,Research & Development,43,Male,Healthcare Representative,3,7510,3,10
1972,No,Human Resources,38,Male,Human Resources,2,2991,3,6
1973,No,Human Resources,55,Male,Manager,2,19636,3,10
1974,No,Research & Development,31,Female,Laboratory Technician,4,1129,3,1
1975,No,Sales,39,Male,Sales Executive,1,13341,3,20
1976,No,Research & Development,42,Male,Research Scientist,3,4332,3,20
1979,No,Research & Development,31,Female,Research Director,3,11031,4,11
1980,No,Research & Development,54,Female,Manufacturing Director,1,4440,3,5
1981,No,Research & Development,24,Male,Healthcare Representative,3,4617,2,4
1982,No,Research & Development,23,Male,Laboratory Technician,4,2647,4,5
1985,No,Research & Development,40,Female,Laboratory Technician,3,6323,4,10
1986,No,Sales,40,Female,Sales Executive,2,5677,3,11
1987,No,Human Resources,25,Female,Human Resources,2,2187,3,2
1989,No,Research & Development,30,Male,Laboratory Technician,2,3748,2,12
1992,No,Research & Development,25,Male,Laboratory Technician,3,3977,2,2
1993,No,Research & Development,47,Male,Healthcare Representative,3,8633,3,17
1994,No,Research & Development,33,Male,Laboratory Technician,3,2008,2,1
1995,No,Sales,38,Male,Sales Executive,2,4440,3,15
1996,No,Sales,31,Male,Sales Representative,3,3067,3,2
1997,No,Research & Development,38,Male,Manufacturing Director,3,5321,3,8
1998,No,Research & Development,42,Male,Research Scientist,1,5410,2,4
1999,No,Research & Development,41,Male,Research Scientist,4,2782,3,5
2000,No,Research & Development,47,Female,Research Director,2,11957,1,13
2003,No,Research & Development,35,Male,Laboratory Technician,3,2660,3,2
2007,No,Research & Development,22,Male,Research Scientist,3,3375,4,3
2008,No,Research & Development,35,Male,Research Scientist,3,5098,3,10
2009,No,Research & Development,33,Female,Healthcare Representative,4,4878,3,9
2010,No,Research & Development,32,Female,Laboratory Technician,2,2837,3,6
2012,No,Research & Development,40,Male,Laboratory Technician,4,2406,2,1
2013,No,Sales,32,Male,Sales Representative,2,2269,3,2
2014,No,Research & Development,39,Male,Research Scientist,4,4108,3,7
2015,No,Research & Development,38,Female,Research Director,3,13206,3,18
2016,No,Sales,32,Female,Sales Executive,4,10422,3,14
2017,No,Research & Development,37,Female,Research Director,4,13744,3,16
2018,No,Sales,25,Female,Sales Executive,3,4907,2,5
2019,No,Sales,52,Male,Sales Representative,4,3482,2,9
2020,No,Research & Development,44,Male,Research Scientist,4,2436,3,4
2021,No,Sales,21,Male,Sales Representative,1,2380,3,2
2022,No,Research & Development,39,Male,Manager,4,19431,2,6
2023,Yes,Sales,23,Male,Sales Representative,1,1790,2,1
2024,No,Sales,36,Female,Sales Executive,4,7644,3,9
2025,No,Research & Development,36,Female,Manufacturing Director,2,5131,3,4
2026,No,Research & Development,56,Male,Healthcare Representative,3,6306,2,13
2027,Yes,Research & Development,29,Male,Research Scientist,4,4787,4,2
2031,No,Research & Development,42,Male,Manager,3,18880,2,22
2032,Yes,Research & Development,56,Male,Laboratory Technician,3,2339,1,10
2034,No,Research & Development,41,Female,Manufacturing Director,2,13570,3,20
2035,No,Sales,34,Female,Sales Executive,3,6712,3,8
2036,No,Sales,36,Male,Sales Executive,4,5406,2,15
2037,No,Sales,41,Male,Sales Executive,2,8938,3,5
2038,No,Research & Development,32,Male,Research Scientist,1,2439,3,4
2040,No,Human Resources,35,Female,Human Resources,4,8837,3,9
2041,No,Sales,38,Female,Sales Executive,4,5343,3,10
2044,Yes,Sales,50,Male,Sales Executive,3,6728,3,6
2045,No,Sales,36,Female,Sales Executive,4,6652,2,6
2046,No,Sales,45,Female,Sales Executive,3,4850,3,5
2048,No,Research & Development,40,Male,Research Scientist,3,2809,3,2
2049,No,Research & Development,35,Male,Healthcare Representative,3,5689,4,10
2051,No,Research & Development,40,Female,Research Scientist,3,2001,3,5
2052,No,Research & Development,35,Female,Research Scientist,4,2977,3,4
2053,No,Research & Development,29,Male,Laboratory Technician,2,4025,3,4
2054,No,Research & Development,29,Female,Research Scientist,1,3785,1,5
2055,Yes,Sales,50,Male,Sales Executive,1,10854,3,3
2056,No,Sales,39,Female,Sales Executive,4,12031,2,20
2057,No,Research & Development,31,Male,Manufacturing Director,1,9936,3,9
2060,No,Sales,26,Female,Sales Representative,3,2966,3,4
2061,No,Research & Development,36,Male,Laboratory Technician,4,2571,3,5
2062,No,Research & Development,39,Male,Healthcare Representative,1,9991,3,7
2064,No,Research & Development,27,Male,Manufacturing Director,2,6142,3,6
2065,No,Sales,49,Male,Sales Executive,2,5390,2,9
2068,No,Research & Development,34,Male,Laboratory Technician,3,4404,4,4
